DATE,CORESTICKM159SFRBATL
1968-02-02,3.6533754290344826
1968-02-09,3.6586757206551725
1968-02-16,3.663976012275862
1968-02-23,3.669276303896552
1968-03-01,3.6889273001612906
1968-03-08,3.7946825242903226
1968-03-15,3.900437748419355
1968-03-22,4.006192972548387
1968-03-29,4.111948196677419
1968-04-05,4.1444413283333335
1968-04-12,4.147629623
1968-04-19,4.150817917666667
1968-04-26,4.154006212333334
1968-05-03,4.149287837774194
1968-05-10,4.1340272375806455
1968-05-17,4.118766637387097
1968-05-24,4.103506037193549
1968-05-31,4.088245437
1968-06-07,4.194954349333334
1968-06-14,4.301663261666667
1968-06-21,4.408372174
1968-06-28,4.515081086333333
1968-07-05,4.579038215870968
1968-07-12,4.625894632290323
1968-07-19,4.672751048709677
1968-07-26,4.719607465129032
1968-08-02,4.765562157612903
1968-08-09,4.809262540258064
1968-08-16,4.852962922903226
1968-08-23,4.896663305548387
1968-08-30,4.940363688193548
1968-09-06,4.9469346758
1968-09-13,4.9473174309
1968-09-20,4.9477001860000005
1968-09-27,4.9480829411
1968-10-04,4.9784850910000005
1968-10-11,5.031401787
1968-10-18,5.084318483
1968-10-25,5.137235179
1968-11-01,5.1898188669
1968-11-08,5.2404045062
1968-11-15,5.2909901455
1968-11-22,5.3415757848
1968-11-29,5.3921614241
1968-12-06,5.458799537354839
1968-12-13,5.528113062935484
1968-12-20,5.597426588516129
1968-12-27,5.666740114096774
1969-01-03,5.710204209258064
1969-01-10,5.719202397193548
1969-01-17,5.728200585129032
1969-01-24,5.737198773064516
1969-01-31,5.746196961
1969-02-07,5.7471367385
1969-02-14,5.748076515999999
1969-02-21,5.7490162934999995
1969-02-28,5.749956071
1969-03-07,5.834679053129032
1969-03-14,5.919402035258065
1969-03-21,6.004125017387096
1969-03-28,6.088847999516129
1969-04-04,6.175886191933333
1969-04-11,6.264660792066667
1969-04-18,6.3534353922
1969-04-25,6.442209992333333
1969-05-02,6.5233632308709675
1969-05-09,6.585463065419354
1969-05-16,6.647562899967742
1969-05-23,6.709662734516129
1969-05-30,6.771762569064515
1969-06-06,6.6997003801999995
1969-06-13,6.6052778541
1969-06-20,6.510855328
1969-06-27,6.4164328019
1969-07-04,6.377682471580646
1969-07-11,6.380686288096775
1969-07-18,6.383690104612904
1969-07-25,6.386693921129033
1969-08-01,6.390090488
1969-08-08,6.395843557
1969-08-15,6.401596626
1969-08-22,6.407349695000001
1969-08-29,6.4131027640000005
1969-09-05,6.484748464833333
1969-09-12,6.5827512184
1969-09-19,6.680753971966666
1969-09-26,6.778756725533333
1969-10-03,6.808179076774193
1969-10-10,6.746160891580645
1969-10-17,6.684142706387097
1969-10-24,6.622124521193548
1969-10-31,6.560106336
1969-11-07,6.5314726490999995
1969-11-14,6.502838962199999
1969-11-21,6.474205275299999
1969-11-28,6.4455715884
1969-12-05,6.431708804838709
1969-12-12,6.423754382612903
1969-12-19,6.415799960387097
1969-12-26,6.407845538161291
1970-01-02,6.414435176129032
1970-01-09,6.457384964580645
1970-01-16,6.500334753032258
1970-01-23,6.543284541483871
1970-01-30,6.586234329935484
1970-02-06,6.691249138214285
1970-02-13,6.806608116464286
1970-02-20,6.921967094714286
1970-02-27,7.0373260729642855
1970-03-06,7.042055642354839
1970-03-13,7.028346976935484
1970-03-20,7.014638311516129
1970-03-27,7.0009296460967745
1970-04-03,6.975570322
1970-04-10,6.934676786333333
1970-04-17,6.893783250666666
1970-04-24,6.852889715
1970-05-01,6.822028326483871
1970-05-08,6.851359820870967
1970-05-15,6.880691315258064
1970-05-22,6.910022809645161
1970-05-29,6.939354304032258
1970-06-05,6.981774749833333
1970-06-12,7.0294307762
1970-06-19,7.077086802566666
1970-06-26,7.124742828933333
1970-07-03,7.138029762645161
1970-07-10,7.105491239483871
1970-07-17,7.072952716322581
1970-07-24,7.04041419316129
1970-07-31,7.00787567
1970-08-07,7.032036195967741
1970-08-14,7.056196721935484
1970-08-21,7.080357247903225
1970-08-28,7.104517773870968
1970-09-04,7.1103910522
1970-09-11,7.1025488948
1970-09-18,7.0947067374
1970-09-25,7.08686458
1970-10-02,7.079738859387097
1970-10-09,7.074404230741935
1970-10-16,7.069069602096774
1970-10-23,7.063734973451613
1970-10-30,7.058400344806452
1970-11-06,7.1116346168
1970-11-13,7.1746303722333336
1970-11-20,7.237626127666667
1970-11-27,7.300621883100001
1970-12-04,7.329563449032259
1970-12-11,7.33296437283871
1970-12-18,7.336365296645162
1970-12-25,7.3397662204516125
1971-01-01,7.332106353290322
1971-01-08,7.258081740322581
1971-01-15,7.184057127354839
1971-01-22,7.110032514387097
1971-01-29,7.036007901419355
1971-02-05,6.892491398964286
1971-02-12,6.721178140714286
1971-02-19,6.549864882464286
1971-02-26,6.3785516242142855
1971-03-05,6.1960571549677415
1971-03-12,6.00909020132258
1971-03-19,5.822123247677419
1971-03-26,5.635156294032258
1971-04-02,5.488584624933333
1971-04-09,5.4430011672
1971-04-16,5.397417709466667
1971-04-23,5.351834251733334
1971-04-30,5.306250794
1971-05-07,5.250708829516129
1971-05-14,5.195166865032258
1971-05-21,5.139624900548387
1971-05-28,5.084082936064516
1971-06-04,5.084135298866666
1971-06-11,5.125883407133333
1971-06-18,5.1676315154
1971-06-25,5.209379623666667
1971-07-02,5.234415474935484
1971-07-09,5.217670683709678
1971-07-16,5.2009258924838715
1971-07-23,5.184181101258065
1971-07-30,5.167436310032258
1971-08-06,5.116381606161291
1971-08-13,5.0596085835161295
1971-08-20,5.0028355608709685
1971-08-27,4.9460625382258065
1971-09-03,4.889497260700001
1971-09-10,4.833208976666667
1971-09-17,4.776920692633333
1971-09-24,4.7206324086
1971-10-01,4.662843091387097
1971-10-08,4.596047575096774
1971-10-15,4.529252058806452
1971-10-22,4.462456542516129
1971-10-29,4.395661026225807
1971-11-05,4.306006144
1971-11-12,4.2072075154
1971-11-19,4.1084088868
1971-11-26,4.0096102582
1971-12-03,3.9264543257741935
1971-12-10,3.8641553215806455
1971-12-17,3.801856317387097
1971-12-24,3.7395573131935484
1971-12-31,3.677258309
1972-01-07,3.688779441903226
1972-01-14,3.7003005748064517
1972-01-21,3.7118217077096776
1972-01-28,3.723342840612903
1972-02-04,3.743897365275862
1972-02-11,3.7712269337586206
1972-02-18,3.798556502241379
1972-02-25,3.8258860707241378
1972-03-03,3.8624461882258063
1972-03-10,3.9113137044193547
1972-03-17,3.9601812206129035
1972-03-24,4.009048736806451
1972-03-31,4.057916253
1972-04-07,4.0377298329
1972-04-14,4.0175434128
1972-04-21,3.9973569927
1972-04-28,3.9771705726
1972-05-05,3.954057926258064
1972-05-12,3.929774789419355
1972-05-19,3.905491652580645
1972-05-26,3.881208515741936
1972-06-02,3.8388451874
1972-06-09,3.7512813803
1972-06-16,3.6637175732
1972-06-23,3.5761537661
1972-06-30,3.488589959
1972-07-07,3.4837917742258067
1972-07-14,3.478993589451613
1972-07-21,3.4741954046774195
1972-07-28,3.469397219903226
1972-08-04,3.454281271387097
1972-08-11,3.431427000064516
1972-08-18,3.4085727287419356
1972-08-25,3.385718457419355
1972-09-01,3.358082319266667
1972-09-08,3.3017549801333335
1972-09-15,3.245427641
1972-09-22,3.1891003018666666
1972-09-29,3.132772962733333
1972-10-06,3.1646774982580643
1972-10-13,3.2112873462258067
1972-10-20,3.2578971941935486
1972-10-27,3.3045070421612905
1972-11-03,3.3248807112
1972-11-10,3.3102728083333335
1972-11-17,3.2956649054666665
1972-11-24,3.2810570026
1972-12-01,3.2646417773870966
1972-12-08,3.237382618096774
1972-12-15,3.2101234588064513
1972-12-22,3.182864299516129
1972-12-29,3.1556051402258065
1973-01-05,3.0986209802903226
1973-01-12,3.0297468200967743
1973-01-19,2.9608726599032256
1973-01-26,2.8919984997096773
1973-02-02,2.8455412477142854
1973-02-09,2.8551262662142856
1973-02-16,2.8647112847142857
1973-02-23,2.874296303214286
1973-03-02,2.8842544476451613
1973-03-09,2.8951454069032256
1973-03-16,2.9060363661612905
1973-03-23,2.916927325419355
1973-03-30,2.9278182846774192
1973-04-06,2.9498399258
1973-04-13,2.9737166805666666
1973-04-20,2.9975934353333336
1973-04-27,3.0214701901
1973-05-04,3.050247616870968
1973-05-11,3.0827005476451617
1973-05-18,3.115153478419355
1973-05-25,3.1476064091935485
1973-06-01,3.172867222366667
1973-06-08,3.1549753299333334
1973-06-15,3.1370834375000003
1973-06-22,3.1191915450666667
1973-06-29,3.101299652633333
1973-07-06,3.082209999483871
1973-07-13,3.062920719548387
1973-07-20,3.0436314396129034
1973-07-27,3.0243421596774196
1973-08-03,3.043261017935484
1973-08-10,3.113124060451613
1973-08-17,3.1829871029677417
1973-08-24,3.2528501454838707
1973-08-31,3.322713188
1973-09-07,3.4678219592666664
1973-09-14,3.6129307305333334
1973-09-21,3.7580395018
1973-09-28,3.9031482730666665
1973-10-05,4.0769676353870965
1973-10-12,4.262271234129032
1973-10-19,4.447574832870967
1973-10-26,4.632878431612903
1973-11-02,4.776075235466666
1973-11-09,4.8140050521
1973-11-16,4.851934868733333
1973-11-23,4.889864685366667
1973-11-30,4.927794502
1973-12-07,5.013660787354839
1973-12-14,5.0995270727096775
1973-12-21,5.185393358064516
1973-12-28,5.271259643419355
1974-01-04,5.377442376258064
1974-01-11,5.498862444709677
1974-01-18,5.62028251316129
1974-01-25,5.741702581612904
1974-02-01,5.8616969685
1974-02-08,5.973137266
1974-02-15,6.0845775635
1974-02-22,6.196017861
1974-03-01,6.308461490741935
1974-03-08,6.426925113935484
1974-03-15,6.5453887371290325
1974-03-22,6.66385236032258
1974-03-29,6.782315983516129
1974-04-05,6.8642558035
1974-04-12,6.9315861022
1974-04-19,6.9989164009
1974-04-26,7.0662466996
1974-05-03,7.165069005903226
1974-05-10,7.305880655677419
1974-05-17,7.446692305451613
1974-05-24,7.587503955225806
1974-05-31,7.728315605
1974-06-07,7.9355281434
1974-06-14,8.1427406818
1974-06-21,8.3499532202
1974-06-28,8.5571657586
1974-07-05,8.763244418903227
1974-07-12,8.968869527967742
1974-07-19,9.174494637032259
1974-07-26,9.380119746096774
1974-08-02,9.56417006303226
1974-08-09,9.694283399645162
1974-08-16,9.824396736258064
1974-08-23,9.954510072870969
1974-08-30,10.084623409483871
1974-09-06,10.201190844400001
1974-09-13,10.315500629033334
1974-09-20,10.429810413666667
1974-09-27,10.5441201983
1974-10-04,10.58902726148387
1974-10-11,10.581882283580644
1974-10-18,10.574737305677418
1974-10-25,10.567592327774193
1974-11-01,10.575610031266667
1974-11-08,10.674603823133333
1974-11-15,10.773597615
1974-11-22,10.872591406866666
1974-11-29,10.971585198733333
1974-12-06,11.084497958548388
1974-12-13,11.19973054635484
1974-12-20,11.31496313416129
1974-12-27,11.430195721967742
1975-01-03,11.508462493935484
1975-01-10,11.537441511451613
1975-01-17,11.566420528967742
1975-01-24,11.595399546483872
1975-01-31,11.624378564
1975-02-07,11.66431776225
1975-02-14,11.7042569605
1975-02-21,11.74419615875
1975-02-28,11.784135357
1975-03-07,11.73663766967742
1975-03-14,11.68913998235484
1975-03-21,11.64164229503226
1975-03-28,11.594144607709678
1975-04-04,11.590396897333335
1975-04-11,11.619461669666666
1975-04-18,11.648526442
1975-04-25,11.677591214333333
1975-05-02,11.648582704645161
1975-05-09,11.474390989903226
1975-05-16,11.30019927516129
1975-05-23,11.126007560419355
1975-05-30,10.951815845677418
1975-06-06,10.8281393998
1975-06-13,10.7128821654
1975-06-20,10.597624930999999
1975-06-27,10.482367696599999
1975-07-04,10.347095570096773
1975-07-11,10.196812274516128
1975-07-18,10.046528978935484
1975-07-25,9.896245683354838
1975-08-01,9.74011396216129
1975-08-08,9.548891687290324
1975-08-15,9.357669412419355
1975-08-22,9.166447137548387
1975-08-29,8.97522486267742
1975-09-05,8.853895133333333
1975-09-12,8.7605224222
1975-09-19,8.667149711066667
1975-09-26,8.573776999933333
1975-10-03,8.480663070806452
1975-10-10,8.387894184354838
1975-10-17,8.295125297903226
1975-10-24,8.202356411451612
1975-10-31,8.109587525
1975-11-07,8.1057077204
1975-11-14,8.1018279158
1975-11-21,8.097948111200001
1975-11-28,8.0940683066
1975-12-05,8.027190325193548
1975-12-12,7.9351130730645165
1975-12-19,7.843035820935484
1975-12-26,7.7509585688064515
1976-01-02,7.6855667341612905
1976-01-09,7.686888443225807
1976-01-16,7.688210152290322
1976-01-23,7.689531861354839
1976-01-30,7.690853570419355
1976-02-06,7.625378358896552
1976-02-13,7.548770327275863
1976-02-20,7.472162295655172
1976-02-27,7.395554264034483
1976-03-05,7.367399712096774
1976-03-12,7.358626552032258
1976-03-19,7.349853391967741
1976-03-26,7.341080231903225
1976-04-02,7.302323457933333
1976-04-09,7.1886076492
1976-04-16,7.074891840466666
1976-04-23,6.961176031733333
1976-04-30,6.847460223
1976-05-07,6.874201775193548
1976-05-14,6.900943327387097
1976-05-21,6.927684879580645
1976-05-28,6.954426431774194
1976-06-04,6.953237751800001
1976-06-11,6.9311013977
1976-06-18,6.9089650436
1976-06-25,6.8868286895
1976-07-02,6.8850542189032256
1976-07-09,6.934184457064516
1976-07-16,6.983314695225807
1976-07-23,7.032444933387096
1976-07-30,7.081575171548387
1976-08-06,7.1396775437741935
1976-08-13,7.199275271677419
1976-08-20,7.258872999580645
1976-08-27,7.318470727483871
1976-09-03,7.326492264400001
1976-09-10,7.2657455466666665
1976-09-17,7.204998828933333
1976-09-24,7.1442521112
1976-10-01,7.085286413322581
1976-10-08,7.0370068345806445
1976-10-15,6.988727255838709
1976-10-22,6.940447677096774
1976-10-29,6.892168098354839
1976-11-05,6.8340164515
1976-11-12,6.7719159774
1976-11-19,6.7098155033
1976-11-26,6.6477150292000005
1976-12-03,6.5720143918064515
1976-12-10,6.478180203354839
1976-12-17,6.384346014903226
1976-12-24,6.290511826451612
1976-12-31,6.196677638
1977-01-07,6.1633103421612905
1977-01-14,6.12994304632258
1977-01-21,6.096575750483871
1977-01-28,6.063208454645161
1977-02-04,6.049394747142857
1977-02-11,6.050246230892857
1977-02-18,6.051097714642857
1977-02-25,6.051949198392857
1977-03-04,6.058839833290323
1977-03-11,6.0702598315483876
1977-03-18,6.081679829806451
1977-03-25,6.093099828064516
1977-04-01,6.1188139752333335
1977-04-08,6.230293015866667
1977-04-15,6.3417720565
1977-04-22,6.453251097133333
1977-04-29,6.5647301377666665
1977-05-06,6.61169811416129
1977-05-13,6.647914246516129
1977-05-20,6.684130378870968
1977-05-27,6.720346511225807
1977-06-03,6.758959035
1977-06-10,6.800766747333333
1977-06-17,6.842574459666666
1977-06-24,6.8843821720000005
1977-07-01,6.9189571435161294
1977-07-08,6.910135670129033
1977-07-15,6.901314196741936
1977-07-22,6.892492723354839
1977-07-29,6.883671249967742
1977-08-05,6.8733316915806455
1977-08-12,6.8623848991935485
1977-08-19,6.851438106806452
1977-08-26,6.840491314419355
1977-09-02,6.8353933224666665
1977-09-09,6.8449173316
1977-09-16,6.8544413407333336
1977-09-23,6.863965349866667
1977-09-30,6.873489359
1977-10-07,6.890798596806452
1977-10-14,6.908107834612903
1977-10-21,6.9254170724193544
1977-10-28,6.942726310225806
1977-11-04,6.956725164733333
1977-11-11,6.968241231766666
1977-11-18,6.9797572988
1977-11-25,6.991273365833333
1977-12-02,7.023014838580646
1977-12-09,7.105319825612903
1977-12-16,7.187624812645161
1977-12-23,7.26992979967742
1977-12-30,7.352234786709678
1978-01-06,7.365540076064517
1978-01-13,7.367345415806452
1978-01-20,7.369150755548387
1978-01-27,7.370956095290323
1978-02-03,7.368671406357143
1978-02-10,7.360933345857143
1978-02-17,7.353195285357143
1978-02-24,7.345457224857143
1978-03-03,7.349993641
1978-03-10,7.370896026
1978-03-17,7.391798411
1978-03-24,7.412700795999999
1978-03-31,7.433603181
1978-04-07,7.428984182933333
1978-04-14,7.424365184866666
1978-04-21,7.419746186799999
1978-04-28,7.415127188733333
1978-05-05,7.450853271290322
1978-05-12,7.502717386096774
1978-05-19,7.554581500903226
1978-05-26,7.606445615709678
1978-06-02,7.6458695914
1978-06-09,7.6541932193
1978-06-16,7.6625168472
1978-06-23,7.6708404751
1978-06-30,7.679164103
1978-07-07,7.731929293483871
1978-07-14,7.784694483967741
1978-07-21,7.837459674451613
1978-07-28,7.890224864935484
1978-08-04,7.946871562774193
1978-08-11,8.006429391129032
1978-08-18,8.06598721948387
1978-08-25,8.12554504783871
1978-09-01,8.189913066566668
1978-09-08,8.283142227533334
1978-09-15,8.3763713885
1978-09-22,8.469600549466668
1978-09-29,8.562829710433334
1978-10-06,8.665241853870969
1978-10-13,8.769184494387098
1978-10-20,8.873127134903227
1978-10-27,8.977069775419356
1978-11-03,9.0539714891
1978-11-10,9.094818633666668
1978-11-17,9.135665778233333
1978-11-24,9.1765129228
1978-12-01,9.206572755354838
1978-12-08,9.17190871583871
1978-12-15,9.137244676322581
1978-12-22,9.102580636806453
1978-12-29,9.067916597290322
1979-01-05,9.060029319870969
1979-01-12,9.062852747290323
1979-01-19,9.065676174709678
1979-01-26,9.068499602129032
1979-02-02,9.106290621785714
1979-02-09,9.231500622035714
1979-02-16,9.356710622285714
1979-02-23,9.481920622535714
1979-03-02,9.578052390225805
1979-03-09,9.601488576516129
1979-03-16,9.624924762806451
1979-03-23,9.648360949096773
1979-03-30,9.671797135387097
1979-04-06,9.723906831999999
1979-04-13,9.780795447
1979-04-20,9.837684062
1979-04-27,9.894572677
1979-05-04,9.940040356774194
1979-05-11,9.976942335129031
1979-05-18,10.01384431348387
1979-05-25,10.05074629183871
1979-06-01,10.088603115266666
1979-06-08,10.132189009133333
1979-06-15,10.175774902999999
1979-06-22,10.219360796866667
1979-06-29,10.262946690733333
1979-07-06,10.314690823064515
1979-07-13,10.367794661806451
1979-07-20,10.420898500548386
1979-07-27,10.474002339290323
1979-08-03,10.546096748709678
1979-08-10,10.643511919032258
1979-08-17,10.74092708935484
1979-08-24,10.83834225967742
1979-08-31,10.93575743
1979-09-07,10.946949384666667
1979-09-14,10.958141339333334
1979-09-21,10.969333294
1979-09-28,10.980525248666668
1979-10-05,11.02784573032258
1979-10-12,11.089617622774194
1979-10-19,11.151389515225807
1979-10-26,11.21316140767742
1979-11-02,11.301904463266666
1979-11-09,11.4580754267
1979-11-16,11.614246390133333
1979-11-23,11.770417353566668
1979-11-30,11.926588317
1979-12-07,12.108949238580646
1979-12-14,12.291310160161292
1979-12-21,12.473671081741935
1979-12-28,12.656032003322581
1980-01-04,12.829096240387097
1980-01-11,12.995187964064517
1980-01-18,13.161279687741935
1980-01-25,13.327371411419355
1980-02-01,13.474210122999999
1980-02-08,13.505530762
1980-02-15,13.536851401
1980-02-22,13.56817204
1980-02-29,13.599492679
1980-03-07,13.764822460129032
1980-03-14,13.930152241258066
1980-03-21,14.095482022387097
1980-03-28,14.26081180351613
1980-04-04,14.388139100533333
1980-04-11,14.486964534466667
1980-04-18,14.5857899684
1980-04-25,14.684615402333334
1980-05-02,14.778435181032258
1980-05-09,14.859740821645161
1980-05-16,14.941046462258065
1980-05-23,15.022352102870968
1980-05-30,15.103657743483872
1980-06-06,15.2470516118
1980-06-13,15.400793518066667
1980-06-20,15.554535424333334
1980-06-27,15.7082773306
1980-07-04,15.562456205322581
1980-07-11,15.191962806387096
1980-07-18,14.821469407451612
1980-07-25,14.450976008516129
1980-08-01,14.105505376612903
1980-08-08,13.910171346903226
1980-08-15,13.714837317193549
1980-08-22,13.519503287483872
1980-08-29,13.324169257774194
1980-09-05,13.238258387
1980-09-12,13.1961167798
1980-09-19,13.153975172600001
1980-09-26,13.1118335654
1980-10-03,13.087407754032258
1980-10-10,13.086603003774194
1980-10-17,13.08579825351613
1980-10-24,13.084993503258064
1980-10-31,13.084188753
1980-11-07,13.034351799166666
1980-11-14,12.984514845333333
1980-11-21,12.9346778915
1980-11-28,12.884840937666667
1980-12-05,12.84070667751613
1980-12-12,12.79885349483871
1980-12-19,12.75700031216129
1980-12-26,12.71514712948387
1981-01-02,12.642209971387096
1981-01-09,12.491562874741936
1981-01-16,12.340915778096774
1981-01-23,12.190268681451613
1981-01-30,12.03962158480645
1981-02-06,11.849065704285714
1981-02-13,11.651858359785715
1981-02-20,11.454651015285714
1981-02-27,11.257443670785715
1981-03-06,11.053155762935484
1981-03-13,10.847687761193548
1981-03-20,10.642219759451613
1981-03-27,10.436751757709677
1981-04-03,10.2584669873
1981-04-10,10.116426525333333
1981-04-17,9.974386063366666
1981-04-24,9.8323456014
1981-05-01,9.707130956580645
1981-05-08,9.68287121464516
1981-05-15,9.658611472709678
1981-05-22,9.634351730774194
1981-05-29,9.61009198883871
1981-06-05,9.537995134666666
1981-06-12,9.4467634356
1981-06-19,9.355531736533333
1981-06-26,9.264300037466667
1981-07-03,9.408238222935484
1981-07-10,9.865736254451614
1981-07-17,10.323234285967743
1981-07-24,10.78073231748387
1981-07-31,11.238230349
1981-08-07,11.369313638580646
1981-08-14,11.50039692816129
1981-08-21,11.631480217741936
1981-08-28,11.76256350732258
1981-09-04,11.873438280133334
1981-09-11,11.969156665366667
1981-09-18,12.0648750506
1981-09-25,12.160593435833334
1981-10-02,12.166853272419356
1981-10-09,11.949466737387096
1981-10-16,11.732080202354839
1981-10-23,11.51469366732258
1981-10-30,11.297307132290323
1981-11-06,11.1178085932
1981-11-13,10.9446247201
1981-11-20,10.771440847000001
1981-11-27,10.5982569739
1981-12-04,10.437810331419355
1981-12-11,10.286916611903226
1981-12-18,10.136022892387096
1981-12-25,9.985129172870968
1982-01-01,9.843341754032258
1982-01-08,9.756192139258063
1982-01-15,9.66904252448387
1982-01-22,9.581892909709678
1982-01-29,9.494743294935484
1982-02-05,9.482340656607143
1982-02-12,9.499836808857143
1982-02-19,9.517332961107142
1982-02-26,9.534829113357143
1982-03-05,9.435086486741934
1982-03-12,9.288448348580644
1982-03-19,9.141810210419354
1982-03-26,8.995172072258065
1982-04-02,8.903143504866666
1982-04-09,8.9476388644
1982-04-16,8.992134223933334
1982-04-23,9.036629583466667
1982-04-30,9.081124943
1982-05-07,9.074761737741936
1982-05-14,9.068398532483872
1982-05-21,9.062035327225807
1982-05-28,9.055672121967742
1982-06-04,9.029650435066667
1982-06-11,8.988884886933334
1982-06-18,8.9481193388
1982-06-25,8.907353790666667
1982-07-02,8.814438807096774
1982-07-09,8.591150234935483
1982-07-16,8.367861662774194
1982-07-23,8.144573090612903
1982-07-30,7.921284518451613
1982-08-06,7.780942842548387
1982-08-13,7.654425649354839
1982-08-20,7.52790845616129
1982-08-27,7.401391262967742
1982-09-03,7.1941429677
1982-09-10,6.879253203
1982-09-17,6.5643634383
1982-09-24,6.249473673600001
1982-10-01,5.979548170580646
1982-10-08,5.979408237645162
1982-10-15,5.979268304709677
1982-10-22,5.979128371774193
1982-10-29,5.97898843883871
1982-11-05,5.866545875833333
1982-11-12,5.7091822608
1982-11-19,5.551818645766667
1982-11-26,5.394455030733333
1982-12-03,5.202346407483871
1982-12-10,4.963911106612903
1982-12-17,4.725475805741936
1982-12-24,4.4870405048709685
1982-12-31,4.248605204
1983-01-07,4.288347533967742
1983-01-14,4.328089863935484
1983-01-21,4.367832193903226
1983-01-28,4.407574523870968
1983-02-04,4.414836823
1983-02-11,4.397739099
1983-02-18,4.380641375
1983-02-25,4.363543651
1983-03-04,4.385908375774194
1983-03-11,4.437869937129032
1983-03-18,4.489831498483871
1983-03-25,4.541793059838709
1983-04-01,4.573044472566666
1983-04-08,4.480034993533333
1983-04-15,4.3870255144999994
1983-04-22,4.294016035466667
1983-04-29,4.201006556433334
1983-05-06,4.013052020322581
1983-05-13,3.809273308032258
1983-05-20,3.6054945957419355
1983-05-27,3.401715883451613
1983-06-03,3.2149902546
1983-06-10,3.0510020703333334
1983-06-17,2.8870138860666668
1983-06-24,2.7230257018
1983-07-01,2.5756210781935485
1983-07-08,2.5277178185483873
1983-07-15,2.4798145589032257
1983-07-22,2.4319112992580645
1983-07-29,2.3840080396129033
1983-08-05,2.3578898512580646
1983-08-12,2.340485691419355
1983-08-19,2.323081531580645
1983-08-26,2.305677371741935
1983-09-02,2.319623797933333
1983-09-09,2.4119466892
1983-09-16,2.5042695804666666
1983-09-23,2.5965924717333335
1983-09-30,2.688915363
1983-10-07,2.7224644714193547
1983-10-14,2.7560135798387098
1983-10-21,2.7895626882580644
1983-10-28,2.8231117966774195
1983-11-04,2.9253719536
1983-11-11,3.0791653969
1983-11-18,3.2329588402
1983-11-25,3.3867522835
1983-12-02,3.558473917580645
1983-12-09,3.775016028612903
1983-12-16,3.991558139645161
1983-12-23,4.208100250677419
1983-12-30,4.424642361709678
1984-01-06,4.458562154354839
1984-01-13,4.4620448939354835
1984-01-20,4.465527633516129
1984-01-27,4.469010373096774
1984-02-03,4.474956417689655
1984-02-10,4.484186868965517
1984-02-17,4.493417320241379
1984-02-24,4.502647771517241
1984-03-02,4.517601309903226
1984-03-09,4.546862566064516
1984-03-16,4.5761238222258065
1984-03-23,4.605385078387097
1984-03-30,4.634646334548387
1984-04-06,4.6374971304
1984-04-13,4.635946182866666
1984-04-20,4.634395235333334
1984-04-27,4.6328442878
1984-05-04,4.640151859354839
1984-05-11,4.654103320225807
1984-05-18,4.6680547810967745
1984-05-25,4.682006241967741
1984-06-01,4.6966007027
1984-06-08,4.715053162599999
1984-06-15,4.733505622499999
1984-06-22,4.7519580824
1984-06-29,4.7704105423
1984-07-06,4.794049753548387
1984-07-13,4.818553423354839
1984-07-20,4.84305709316129
1984-07-27,4.8675607629677415
1984-08-03,4.894754610096774
1984-08-10,4.925535360322581
1984-08-17,4.9563161105483875
1984-08-24,4.9870968607741935
1984-08-31,5.017877611
1984-09-07,5.0422686681333335
1984-09-14,5.066659725266667
1984-09-21,5.0910507824
1984-09-28,5.115441839533333
1984-10-05,5.1165755796129035
1984-10-12,5.108406392870968
1984-10-19,5.100237206129032
1984-10-26,5.092068019387097
1984-11-02,5.077244010866667
1984-11-09,5.0457829479
1984-11-16,5.0143218849333335
1984-11-23,4.982860821966667
1984-11-30,4.951399759
1984-12-07,4.970244958258065
1984-12-14,4.989090157516129
1984-12-21,5.007935356774194
1984-12-28,5.026780556032258
1985-01-04,4.99350903
1985-01-11,4.92114996
1985-01-18,4.84879089
1985-01-25,4.77643182
1985-02-01,4.719612711357143
1985-02-08,4.756033370857143
1985-02-15,4.792454030357143
1985-02-22,4.828874689857143
1985-03-01,4.863004747419355
1985-03-08,4.883391193354838
1985-03-15,4.903777639290323
1985-03-22,4.924164085225806
1985-03-29,4.94455053116129
1985-04-05,4.915787743166666
1985-04-12,4.8673652616
1985-04-19,4.818942780033333
1985-04-26,4.770520298466666
1985-05-03,4.770078769741935
1985-05-10,4.833611844806451
1985-05-17,4.897144919870968
1985-05-24,4.960677994935484
1985-05-31,5.02421107
1985-06-07,5.028495099166666
1985-06-14,5.032779128333333
1985-06-21,5.0370631574999996
1985-06-28,5.041347186666666
1985-07-05,5.025133606612903
1985-07-12,5.000720982870968
1985-07-19,4.976308359129032
1985-07-26,4.9518957353870965
1985-08-02,4.934263962354839
1985-08-09,4.933584316096774
1985-08-16,4.93290466983871
1985-08-23,4.932225023580645
1985-08-30,4.931545377322581
1985-09-06,4.8996098416
1985-09-13,4.862464990966667
1985-09-20,4.825320140333333
1985-09-27,4.7881752897
1985-10-04,4.785816714709678
1985-10-11,4.809547846451613
1985-10-18,4.833278978193548
1985-10-25,4.8570101099354845
1985-11-01,4.885918788200001
1985-11-08,4.9458927456
1985-11-15,5.005866703000001
1985-11-22,5.0658406604
1985-11-29,5.1258146178
1985-12-06,5.111358489225807
1985-12-13,5.084497346322581
1985-12-20,5.057636203419355
1985-12-27,5.030775060516129
1986-01-03,5.041122007741936
1986-01-10,5.101079741806452
1986-01-17,5.161037475870968
1986-01-24,5.220995209935484
1986-01-31,5.280952944
1986-02-07,5.2380285695
1986-02-14,5.195104195
1986-02-21,5.1521798205
1986-02-28,5.109255446
1986-03-07,5.132563337193548
1986-03-14,5.155871228387096
1986-03-21,5.1791791195806445
1986-03-28,5.202487010774194
1986-04-04,5.231168277
1986-04-11,5.2638795745
1986-04-18,5.2965908719999995
1986-04-25,5.3293021695
1986-05-02,5.331505431354839
1986-05-09,5.257438604096774
1986-05-16,5.18337177683871
1986-05-23,5.109304949580645
1986-05-30,5.035238122322581
1986-06-06,5.0251028622
1986-06-13,5.025622863266667
1986-06-20,5.026142864333334
1986-06-27,5.0266628654000005
1986-07-04,5.018310526096775
1986-07-11,5.003303931516129
1986-07-18,4.988297336935484
1986-07-25,4.973290742354839
1986-08-01,4.956009507483872
1986-08-08,4.925080430870968
1986-08-15,4.894151354258065
1986-08-22,4.8632222776451615
1986-08-29,4.832293201032258
1986-09-05,4.844130112833334
1986-09-12,4.87307342
1986-09-19,4.902016727166667
1986-09-26,4.930960034333333
1986-10-03,4.941127784290322
1986-10-10,4.926261457967742
1986-10-17,4.911395131645161
1986-10-24,4.896528805322581
1986-10-31,4.881662479
1986-11-07,4.810143555533333
1986-11-14,4.738624632066667
1986-11-21,4.6671057086
1986-11-28,4.595586785133333
1986-12-05,4.588016970548387
1986-12-12,4.606026799516129
1986-12-19,4.624036628483871
1986-12-26,4.642046457451613
1987-01-02,4.644407357580645
1987-01-09,4.607645935612903
1987-01-16,4.5708845136451615
1987-01-23,4.53412309167742
1987-01-30,4.497361669709678
1987-02-06,4.483457547714286
1987-02-13,4.473362975714286
1987-02-20,4.463268403714286
1987-02-27,4.453173831714286
1987-03-06,4.41772260883871
1987-03-13,4.378045277483872
1987-03-20,4.338367946129033
1987-03-27,4.298690614774194
1987-04-03,4.2855364421
1987-04-10,4.307746481
1987-04-17,4.3299565199
1987-04-24,4.3521665588
1987-05-01,4.3730846571290325
1987-05-08,4.386251112032258
1987-05-15,4.399417566935484
1987-05-22,4.412584021838709
1987-05-29,4.425750476741936
1987-06-05,4.389257677
1987-06-12,4.3329011754
1987-06-19,4.2765446738
1987-06-26,4.220188172199999
1987-07-03,4.187092362193548
1987-07-10,4.1850108076451615
1987-07-17,4.182929253096774
1987-07-24,4.180847698548387
1987-07-31,4.178766144
1987-08-07,4.204572442
1987-08-14,4.23037874
1987-08-21,4.256185038
1987-08-28,4.281991336
1987-09-04,4.2947685304
1987-09-11,4.2977738971
1987-09-18,4.3007792638
1987-09-25,4.3037846305
1987-10-02,4.309224912032258
1987-10-09,4.320752480645162
1987-10-16,4.332280049258064
1987-10-23,4.343807617870968
1987-10-30,4.35533518648387
1987-11-06,4.3515087887999995
1987-11-13,4.345123396733333
1987-11-20,4.338738004666666
1987-11-27,4.3323526126
1987-12-04,4.324729980774194
1987-12-11,4.316179419129032
1987-12-18,4.307628857483871
1987-12-25,4.29907829583871
1988-01-01,4.294377782451613
1988-01-08,4.312777558612903
1988-01-15,4.3311773347741935
1988-01-22,4.349577110935484
1988-01-29,4.367976887096774
1988-02-05,4.373646810310345
1988-02-12,4.374224792344828
1988-02-19,4.37480277437931
1988-02-26,4.375380756413793
1988-03-04,4.384055353580645
1988-03-11,4.398802412096774
1988-03-18,4.413549470612903
1988-03-25,4.428296529129033
1988-04-01,4.4387714415
1988-04-08,4.423613477
1988-04-15,4.4084555125
1988-04-22,4.3932975480000005
1988-04-29,4.3781395835
1988-05-06,4.3869441854838715
1988-05-13,4.399742548548387
1988-05-20,4.412540911612903
1988-05-27,4.42533927467742
1988-06-03,4.456699184900001
1988-06-10,4.512807824666667
1988-06-17,4.568916464433333
1988-06-24,4.625025104200001
1988-07-01,4.674013430645162
1988-07-08,4.680279877161291
1988-07-15,4.68654632367742
1988-07-22,4.692812770193548
1988-07-29,4.699079216709677
1988-08-05,4.6965771437096775
1988-08-12,4.690567662903225
1988-08-19,4.684558182096774
1988-08-26,4.678548701290322
1988-09-02,4.677385832266666
1988-09-09,4.6883394927
1988-09-16,4.6992931531333335
1988-09-23,4.710246813566666
1988-09-30,4.721200474
1988-10-07,4.695613646548387
1988-10-14,4.670026819096774
1988-10-21,4.644439991645162
1988-10-28,4.618853164193548
1988-11-04,4.625889469800001
1988-11-11,4.6573931252000005
1988-11-18,4.6888967806
1988-11-25,4.720400436
1988-12-02,4.745943798225807
1988-12-09,4.75658642751613
1988-12-16,4.7672290568064515
1988-12-23,4.777871686096774
1988-12-30,4.788514315387096
1989-01-06,4.781937939129032
1989-01-13,4.772491728612903
1989-01-20,4.763045518096774
1989-01-27,4.753599307580645
1989-02-03,4.751987015071428
1989-02-10,4.760819946571429
1989-02-17,4.769652878071429
1989-02-24,4.778485809571428
1989-03-03,4.7803282069677415
1989-03-10,4.772849892225807
1989-03-17,4.765371577483871
1989-03-24,4.757893262741936
1989-03-31,4.750414948
1989-04-07,4.719631997433334
1989-04-14,4.688849046866666
1989-04-21,4.6580660963
1989-04-28,4.627283145733333
1989-05-05,4.6385299447419355
1989-05-12,4.666588643580645
1989-05-19,4.694647342419355
1989-05-26,4.722706041258064
1989-06-02,4.742905319066667
1989-06-09,4.7434560443
1989-06-16,4.744006769533333
1989-06-23,4.744557494766666
1989-06-30,4.74510822
1989-07-07,4.7786855045483865
1989-07-14,4.812262789096774
1989-07-21,4.845840073645161
1989-07-28,4.879417358193548
1989-08-04,4.88869035383871
1989-08-11,4.879735132806451
1989-08-18,4.870779911774194
1989-08-25,4.861824690741935
1989-09-01,4.848006867866666
1989-09-08,4.8050134339333335
1989-09-15,4.76202
1989-09-22,4.719026566066666
1989-09-29,4.676033132133333
1989-10-06,4.695641310225806
1989-10-13,4.725683090322581
1989-10-20,4.755724870419355
1989-10-27,4.785766650516129
1989-11-03,4.8023969264
1989-11-10,4.801145196666667
1989-11-17,4.799893466933334
1989-11-24,4.7986417372
1989-12-01,4.79858294083871
1989-12-08,4.805681744709677
1989-12-15,4.812780548580645
1989-12-22,4.819879352451613
1989-12-29,4.82697815632258
1990-01-05,4.841409921967742
1990-01-12,4.858774872322581
1990-01-19,4.876139822677419
1990-01-26,4.893504773032258
1990-02-02,4.906740517642858
1990-02-09,4.909653247892857
1990-02-16,4.912565978142857
1990-02-23,4.9154787083928575
1990-03-02,4.935234424838709
1990-03-09,4.997097606774194
1990-03-16,5.058960788709678
1990-03-23,5.120823970645161
1990-03-30,5.1826871525806455
1990-04-06,5.208616873
1990-04-13,5.228557683166667
1990-04-20,5.248498493333333
1990-04-27,5.2684393035
1990-05-04,5.262759181
1990-05-11,5.237863358999999
1990-05-18,5.212967537
1990-05-25,5.1880717149999995
1990-06-01,5.173531280133333
1990-06-08,5.221123168066666
1990-06-15,5.268715056
1990-06-22,5.316306943933333
1990-06-29,5.363898831866666
1990-07-06,5.398937985064515
1990-07-13,5.4318850158064516
1990-07-20,5.464832046548387
1990-07-27,5.497779077290322
1990-08-03,5.547541258032258
1990-08-10,5.619723638774193
1990-08-17,5.691906019516129
1990-08-24,5.764088400258064
1990-08-31,5.836270781
1990-09-07,5.858225006066666
1990-09-14,5.880179231133333
1990-09-21,5.9021334562
1990-09-28,5.924087681266666
1990-10-05,5.909093518774194
1990-10-12,5.879320001258065
1990-10-19,5.8495464837419355
1990-10-26,5.819772966225806
1990-11-02,5.790812969866667
1990-11-09,5.763886776400001
1990-11-16,5.736960582933333
1990-11-23,5.710034389466667
1990-11-30,5.683108196
1990-12-07,5.67587875
1990-12-14,5.668649304
1990-12-21,5.6614198579999995
1990-12-28,5.654190411999999
1991-01-04,5.672278959419354
1991-01-11,5.709356001903226
1991-01-18,5.746433044387096
1991-01-25,5.783510086870968
1991-02-01,5.8169714229642855
1991-02-08,5.828738520714285
1991-02-15,5.840505618464285
1991-02-22,5.852272716214285
1991-03-01,5.8498402767419355
1991-03-08,5.762210613935483
1991-03-15,5.674580951129032
1991-03-22,5.586951288322581
1991-03-29,5.499321625516129
1991-04-05,5.441263888166667
1991-04-12,5.395034921
1991-04-19,5.348805953833334
1991-04-26,5.302576986666667
1991-05-03,5.270962252419355
1991-05-10,5.258833162064517
1991-05-17,5.246704071709678
1991-05-24,5.234574981354839
1991-05-31,5.222445891
1991-06-07,5.155294437866666
1991-06-14,5.0881429847333335
1991-06-21,5.0209915316
1991-06-28,4.953840078466667
1991-07-05,4.898969504322581
1991-07-12,4.849011281774194
1991-07-19,4.799053059225806
1991-07-26,4.749094836677419
1991-08-02,4.692744851096775
1991-08-09,4.620415457935484
1991-08-16,4.548086064774194
1991-08-23,4.475756671612904
1991-08-30,4.403427278451613
1991-09-06,4.403194565
1991-09-13,4.414977964833334
1991-09-20,4.426761364666667
1991-09-27,4.4385447645
1991-10-04,4.423646044096774
1991-10-11,4.388735733516129
1991-10-18,4.3538254229354845
1991-10-25,4.318915112354839
1991-11-01,4.2910148417
1991-11-08,4.3051748106000005
1991-11-15,4.3193347795
1991-11-22,4.3334947484
1991-11-29,4.3476547173
1991-12-06,4.349153072064516
1991-12-13,4.3485411578064515
1991-12-20,4.347929243548387
1991-12-27,4.347317329290322
1992-01-03,4.31845228483871
1992-01-10,4.251916400129033
1992-01-17,4.185380515419355
1992-01-24,4.1188446307096775
1992-01-31,4.052308746
1992-02-07,4.006315443448275
1992-02-14,3.9603221408965514
1992-02-21,3.9143288383448276
1992-02-28,3.8683355357931033
1992-03-06,3.8838449068387098
1992-03-13,3.909604723483871
1992-03-20,3.935364540129032
1992-03-27,3.9611243567741936
1992-04-03,3.9849037040999997
1992-04-10,4.006042425666666
1992-04-17,4.027181147233333
1992-04-24,4.0483198688
1992-05-01,4.061921732870967
1992-05-08,4.030302451967742
1992-05-15,3.998683171064516
1992-05-22,3.96706389016129
1992-05-29,3.9354446092580644
1992-06-05,3.915373534
1992-06-12,3.899921741
1992-06-19,3.884469948
1992-06-26,3.869018155
1992-07-03,3.851399440419355
1992-07-10,3.830891497064516
1992-07-17,3.8103835537096775
1992-07-24,3.7898756103548386
1992-07-31,3.769367667
1992-08-07,3.7374730517096775
1992-08-14,3.705578436419355
1992-08-21,3.6736838211290324
1992-08-28,3.64178920583871
1992-09-04,3.5909357742
1992-09-11,3.5258632302999997
1992-09-18,3.4607906863999998
1992-09-25,3.3957181425
1992-10-02,3.3677330343870966
1992-10-09,3.432466515741935
1992-10-16,3.497199997096774
1992-10-23,3.561933478451613
1992-10-30,3.6266669598064514
1992-11-06,3.634625629
1992-11-13,3.6331218295000003
1992-11-20,3.6316180300000003
1992-11-27,3.6301142305000003
1992-12-04,3.609959139967742
1992-12-11,3.57581558116129
1992-12-18,3.5416720223548386
1992-12-25,3.507528463548387
1993-01-01,3.479881670612903
1993-01-08,3.4912154729032254
1993-01-15,3.502549275193548
1993-01-22,3.5138830774838707
1993-01-29,3.5252168797741934
1993-02-05,3.5344191588214287
1993-02-12,3.5427688285714285
1993-02-19,3.5511184983214283
1993-02-26,3.5594681680714286
1993-03-05,3.525172232354839
1993-03-12,3.473818054451613
1993-03-19,3.422463876548387
1993-03-26,3.371109698645161
1993-04-02,3.3390821220666664
1993-04-09,3.3553710488
1993-04-16,3.3716599755333334
1993-04-23,3.3879489022666665
1993-04-30,3.404237829
1993-05-07,3.4332537010645163
1993-05-14,3.4622695731290323
1993-05-21,3.4912854451935487
1993-05-28,3.5203013172580646
1993-06-04,3.5376153915333335
1993-06-11,3.5461531174666665
1993-06-18,3.5546908434
1993-06-25,3.563228569333333
1993-07-02,3.5598617688064516
1993-07-09,3.5267336521290322
1993-07-16,3.493605535451613
1993-07-23,3.4604774187741936
1993-07-30,3.4273493020967742
1993-08-06,3.439299432
1993-08-13,3.4587626030000003
1993-08-20,3.478225774
1993-08-27,3.497688945
1993-09-03,3.5221680505
1993-09-10,3.5533350686666667
1993-09-17,3.5845020868333335
1993-09-24,3.6156691050000003
1993-10-01,3.63536283983871
1993-10-08,3.5862168747096774
1993-10-15,3.5370709095806454
1993-10-22,3.487924944451613
1993-10-29,3.4387789793225805
1993-11-05,3.4266605785
1993-11-12,3.4293532034
1993-11-19,3.4320458283
1993-11-26,3.4347384532
1993-12-03,3.4471350463225807
1993-12-10,3.4724702637419353
1993-12-17,3.4978054811612904
1993-12-24,3.523140698580645
1993-12-31,3.548475916
1994-01-07,3.509475524387097
1994-01-14,3.4704751327741934
1994-01-21,3.4314747411612903
1994-01-28,3.392474349548387
1994-02-04,3.3814971085714287
1994-02-11,3.3915372305714286
1994-02-18,3.4015773525714286
1994-02-25,3.4116174745714285
1994-03-04,3.4358211012903226
1994-03-11,3.4706473565483873
1994-03-18,3.5054736118064516
1994-03-25,3.540299867064516
1994-04-01,3.5629591631333333
1994-04-08,3.5126167040666667
1994-04-15,3.4622742449999997
1994-04-22,3.411931785933333
1994-04-29,3.3615893268666666
1994-05-06,3.329455999903226
1994-05-13,3.3003575282903226
1994-05-20,3.2712590566774193
1994-05-27,3.242160585064516
1994-06-03,3.2224534478
1994-06-10,3.2152680896666666
1994-06-17,3.2080827315333336
1994-06-24,3.2008973734
1994-07-01,3.196001128935484
1994-07-08,3.204839566483871
1994-07-15,3.213678004032258
1994-07-22,3.222516441580645
1994-07-29,3.2313548791290323
1994-08-05,3.245627556516129
1994-08-12,3.2620739298387096
1994-08-19,3.27852030316129
1994-08-26,3.2949666764838708
1994-09-02,3.303218589866667
1994-09-09,3.2909843534
1994-09-16,3.2787501169333333
1994-09-23,3.2665158804666667
1994-09-30,3.254281644
1994-10-07,3.233955144483871
1994-10-14,3.2136286449677423
1994-10-21,3.193302145451613
1994-10-28,3.172975645935484
1994-11-04,3.1594666743333333
1994-11-11,3.151070848666667
1994-11-18,3.1426750230000002
1994-11-25,3.1342791973333335
1994-12-02,3.113647624032258
1994-12-09,3.0624266816451615
1994-12-16,3.011205739258065
1994-12-23,2.959984796870968
1994-12-30,2.908763854483871
1995-01-06,2.9484312717096777
1995-01-13,3.0032467488709678
1995-01-20,3.0580622260322583
1995-01-27,3.1128777031935484
1995-02-03,3.1420471846428573
1995-02-10,3.1370220051428572
1995-02-17,3.131996825642857
1995-02-24,3.126971646142857
1995-03-03,3.128298281516129
1995-03-10,3.138094003387097
1995-03-17,3.147889725258065
1995-03-24,3.1576854471290323
1995-03-31,3.167481169
1995-04-07,3.1999619805333337
1995-04-14,3.2324427920666667
1995-04-21,3.2649236036000002
1995-04-28,3.2974044151333333
1995-05-05,3.3145249495806453
1995-05-12,3.3255013731935485
1995-05-19,3.3364777968064514
1995-05-26,3.3474542204193547
1995-06-02,3.3537604533333334
1995-06-09,3.3483912095
1995-06-16,3.3430219656666664
1995-06-23,3.3376527218333334
1995-06-30,3.332283478
1995-07-07,3.3446272996774193
1995-07-14,3.3569711213548388
1995-07-21,3.369314943032258
1995-07-28,3.3816587647096776
1995-08-04,3.3677479567096773
1995-08-11,3.334146176451613
1995-08-18,3.3005443961935486
1995-08-25,3.2669426159354837
1995-09-01,3.2419263044
1995-09-08,3.2684228052
1995-09-15,3.2949193059999997
1995-09-22,3.3214158067999997
1995-09-29,3.3479123075999997
1995-10-06,3.3734559487096774
1995-10-13,3.3988407798709677
1995-10-20,3.424225611032258
1995-10-27,3.4496104421935483
1995-11-03,3.4557005189999996
1995-11-10,3.4360642566666666
1995-11-17,3.4164279943333336
1995-11-24,3.396791732
1995-12-01,3.379956418935484
1995-12-08,3.379926801483871
1995-12-15,3.379897184032258
1995-12-22,3.379867566580645
1995-12-29,3.379837949129032
1996-01-05,3.3632561929677416
1996-01-12,3.3400535813225805
1996-01-19,3.3168509696774193
1996-01-26,3.293648358032258
1996-02-02,3.2758930767586207
1996-02-09,3.271756121413793
1996-02-16,3.2676191660689655
1996-02-23,3.263482210724138
1996-03-01,3.2558899502258063
1996-03-08,3.2275658588064515
1996-03-15,3.1992417673870968
1996-03-22,3.170917675967742
1996-03-29,3.142593584548387
1996-04-05,3.112880506333333
1996-04-12,3.0826118334
1996-04-19,3.0523431604666666
1996-04-26,3.022074487533333
1996-05-03,3.008938824193548
1996-05-10,3.0186471736451614
1996-05-17,3.0283555230967742
1996-05-24,3.038063872548387
1996-05-31,3.047772222
1996-06-07,3.0487084524
1996-06-14,3.0496446828
1996-06-21,3.0505809132
1996-06-28,3.0515171436
1996-07-05,3.0575325262258066
1996-07-12,3.0655795697419355
1996-07-19,3.0736266132580647
1996-07-26,3.0816736567741936
1996-08-02,3.0871668195806454
1996-08-09,3.0862752806129032
1996-08-16,3.0853837416451615
1996-08-23,3.0844922026774197
1996-08-30,3.0836006637096776
1996-09-06,3.0793966822
1996-09-13,3.0746406269333333
1996-09-20,3.069884571666667
1996-09-27,3.0651285164
1996-10-04,3.0476904146129034
1996-10-11,3.020740777935484
1996-10-18,2.9937911412580647
1996-10-25,2.9668415045806453
1996-11-01,2.9449634359
1996-11-08,2.9535147752
1996-11-15,2.9620661145
1996-11-22,2.9706174538
1996-11-29,2.9791687931
1996-12-06,2.9951061982258063
1996-12-13,3.0122746143225805
1996-12-20,3.0294430304193547
1996-12-27,3.0466114465161294
1997-01-03,3.0424858261290324
1997-01-10,3.0099681570967745
1997-01-17,2.9774504880645165
1997-01-24,2.944932819032258
1997-01-31,2.91241515
1997-02-07,2.88492758825
1997-02-14,2.8574400265
1997-02-21,2.8299524647500003
1997-02-28,2.802464903
1997-03-07,2.814239167870968
1997-03-14,2.8260134327419357
1997-03-21,2.837787697612903
1997-03-28,2.849561962483871
1997-04-04,2.8621163824
1997-04-11,2.8752559185999997
1997-04-18,2.8883954548
1997-04-25,2.9015349909999997
1997-05-02,2.9082934558709677
1997-05-09,2.8990992424193545
1997-05-16,2.8899050289677417
1997-05-23,2.880710815516129
1997-05-30,2.871516602064516
1997-06-06,2.8618516335999997
1997-06-13,2.8521082059666667
1997-06-20,2.8423647783333332
1997-06-27,2.8326213506999998
1997-07-04,2.818612520645161
1997-07-11,2.8014046387741933
1997-07-18,2.7841967569032255
1997-07-25,2.7669888750322578
1997-08-01,2.7490596333225805
1997-08-08,2.726802232580645
1997-08-15,2.7045448318387098
1997-08-22,2.682287431096774
1997-08-29,2.6600300303548385
1997-09-05,2.6355263543333334
1997-09-12,2.6101241682
1997-09-19,2.5847219820666667
1997-09-26,2.5593197959333334
1997-10-03,2.5519748855806452
1997-10-10,2.5687063429354837
1997-10-17,2.5854378002903227
1997-10-24,2.602169257645161
1997-10-31,2.618900715
1997-11-07,2.6024927346
1997-11-14,2.5860847542
1997-11-21,2.5696767738
1997-11-28,2.5532687934
1997-12-05,2.5603477059354836
1997-12-12,2.576821375645161
1997-12-19,2.593295045354839
1997-12-26,2.6097687150645164
1998-01-02,2.6248673900645163
1998-01-09,2.6365285782903225
1998-01-16,2.648189766516129
1998-01-23,2.659850954741936
1998-01-30,2.671512142967742
1998-02-06,2.677115425857143
1998-02-13,2.6817090578571428
1998-02-20,2.686302689857143
1998-02-27,2.6908963218571427
1998-03-06,2.6878270797096775
1998-03-13,2.6834806918709675
1998-03-20,2.679134304032258
1998-03-27,2.6747879161935484
1998-04-03,2.669123624
1998-04-10,2.661702126
1998-04-17,2.654280628
1998-04-24,2.64685913
1998-05-01,2.639557013258065
1998-05-08,2.632971184064516
1998-05-15,2.6263853548709677
1998-05-22,2.6197995256774194
1998-05-29,2.613213696483871
1998-06-05,2.6094774383333332
1998-06-12,2.6068810086
1998-06-19,2.6042845788666664
1998-06-26,2.6016881491333335
1998-07-03,2.6005075206774193
1998-07-10,2.6012146272580647
1998-07-17,2.6019217338387097
1998-07-24,2.602628840419355
1998-07-31,2.603335947
1998-08-07,2.6102560546451614
1998-08-14,2.6171761622903227
1998-08-21,2.624096269935484
1998-08-28,2.631016377580645
1998-09-04,2.6286802505333333
1998-09-11,2.6194019474666668
1998-09-18,2.6101236443999998
1998-09-25,2.6008453413333332
1998-10-02,2.5904011016774193
1998-10-09,2.577042020548387
1998-10-16,2.5636829394193548
1998-10-23,2.5503238582903225
1998-10-30,2.53696477716129
1998-11-06,2.5327614102
1998-11-13,2.5300839956
1998-11-20,2.527406581
1998-11-27,2.5247291664000002
1998-12-04,2.512516063903226
1998-12-11,2.493151195483871
1998-12-18,2.473786327064516
1998-12-25,2.4544214586451614
1999-01-01,2.436058258064516
1999-01-08,2.423705064516129
1999-01-15,2.4113518709677417
1999-01-22,2.3989986774193546
1999-01-29,2.3866454838709674
1999-02-05,2.3711727857142857
1999-02-12,2.3544522857142858
1999-02-19,2.337731785714286
1999-02-26,2.321011285714286
1999-03-05,2.303536096774194
1999-03-12,2.2857590322580648
1999-03-19,2.2679819677419353
1999-03-26,2.2502049032258062
1999-04-02,2.2367793333333332
1999-04-09,2.2342325
1999-04-16,2.231685666666667
1999-04-23,2.2291388333333333
1999-04-30,2.226592
1999-05-07,2.210046258064516
1999-05-14,2.193500516129032
1999-05-21,2.1769547741935487
1999-05-28,2.1604090322580647
1999-06-04,2.1422441333333335
1999-06-11,2.1228648666666667
1999-06-18,2.1034856
1999-06-25,2.084106333333333
1999-07-02,2.0729014193548387
1999-07-09,2.0821323870967743
1999-07-16,2.0913633548387094
1999-07-23,2.100594322580645
1999-07-30,2.1098252903225805
1999-08-06,2.107988193548387
1999-08-13,2.1043064193548386
1999-08-20,2.1006246451612904
1999-08-27,2.096942870967742
1999-09-03,2.0924297
1999-09-10,2.086808
1999-09-17,2.0811863
1999-09-24,2.0755646000000003
1999-10-01,2.0700645161290323
1999-10-08,2.0652941290322584
1999-10-15,2.060523741935484
1999-10-22,2.0557533548387097
1999-10-29,2.0509829677419353
1999-11-05,2.0659868333333335
1999-11-12,2.0889004
1999-11-19,2.1118139666666664
1999-11-26,2.1347275333333333
1999-12-03,2.1497590967741935
1999-12-10,2.1542813225806454
1999-12-17,2.158803548387097
1999-12-24,2.1633257741935488
1999-12-31,2.167848
2000-01-07,2.2057091935483872
2000-01-14,2.2435703870967743
2000-01-21,2.2814315806451613
2000-01-28,2.3192927741935483
2000-02-04,2.3415468620689657
2000-02-11,2.352095620689655
2000-02-18,2.362644379310345
2000-02-25,2.3731931379310343
2000-03-03,2.3892918064516127
2000-03-10,2.4127903548387097
2000-03-17,2.4362889032258064
2000-03-24,2.4597874516129035
2000-03-31,2.483286
2000-04-07,2.466008366666667
2000-04-14,2.4487307333333335
2000-04-21,2.4314531
2000-04-28,2.4141754666666664
2000-05-05,2.433337064516129
2000-05-12,2.4670743548387097
2000-05-19,2.5008116451612903
2000-05-26,2.534548935483871
2000-06-02,2.5681700000000003
2000-06-09,2.6015005
2000-06-16,2.634831
2000-06-23,2.6681615
2000-06-30,2.701492
2000-07-07,2.704083806451613
2000-07-14,2.7066756129032257
2000-07-21,2.7092674193548385
2000-07-28,2.7118592258064513
2000-08-04,2.733853612903226
2000-08-11,2.7703999354838706
2000-08-18,2.806946258064516
2000-08-25,2.843492580645161
2000-09-01,2.8755601333333334
2000-09-08,2.8807550666666666
2000-09-15,2.8859500000000002
2000-09-22,2.8911449333333334
2000-09-29,2.8963398666666667
2000-10-06,2.9015063225806452
2000-10-13,2.9066680322580645
2000-10-20,2.911829741935484
2000-10-27,2.9169914516129034
2000-11-03,2.9149614
2000-11-10,2.9033423333333332
2000-11-17,2.891723266666667
2000-11-24,2.8801042
2000-12-01,2.8734335161290323
2000-12-08,2.896453129032258
2000-12-15,2.919472741935484
2000-12-22,2.9424923548387096
2000-12-29,2.9655119677419353
2001-01-05,2.956988838709677
2001-01-12,2.9358486129032255
2001-01-19,2.9147083870967743
2001-01-26,2.8935681612903226
2001-02-02,2.8857018571428568
2001-02-09,2.911020357142857
2001-02-16,2.936338857142857
2001-02-23,2.961657357142857
2001-03-02,2.97859
2001-03-09,2.974558
2001-03-16,2.970526
2001-03-23,2.966494
2001-03-30,2.962462
2001-04-06,2.9877312
2001-04-13,3.017883933333333
2001-04-20,3.0480366666666665
2001-04-27,3.0781894
2001-05-04,3.0889052903225807
2001-05-11,3.085043548387097
2001-05-18,3.081181806451613
2001-05-25,3.0773200645161287
2001-06-01,3.0782303
2001-06-08,3.1077724
2001-06-15,3.1373145
2001-06-22,3.1668566
2001-06-29,3.1963987
2001-07-06,3.202011
2001-07-13,3.2036350000000002
2001-07-20,3.205259
2001-07-27,3.206883
2001-08-03,3.2120595806451613
2001-08-10,3.221972935483871
2001-08-17,3.2318862903225805
2001-08-24,3.2417996451612905
2001-08-31,3.251713
2001-09-07,3.283687366666667
2001-09-14,3.315661733333333
2001-09-21,3.3476361
2001-09-28,3.3796104666666666
2001-10-05,3.404120193548387
2001-10-12,3.425644064516129
2001-10-19,3.4471679354838707
2001-10-26,3.468691806451613
2001-11-02,3.4919282
2001-11-09,3.5194459
2001-11-16,3.5469636
2001-11-23,3.5744813
2001-11-30,3.601999
2001-12-07,3.593626548387097
2001-12-14,3.5852540967741935
2001-12-21,3.5768816451612904
2001-12-28,3.5685091935483872
2002-01-04,3.563958677419355
2002-01-11,3.562274612903226
2002-01-18,3.5605905483870965
2002-01-25,3.5589064838709676
2002-02-01,3.556390607142857
2002-02-08,3.548883857142857
2002-02-15,3.541377107142857
2002-02-22,3.533870357142857
2002-03-01,3.525534193548387
2002-03-08,3.5122215483870964
2002-03-15,3.4989089032258063
2002-03-22,3.485596258064516
2002-03-29,3.472283612903226
2002-04-05,3.468037
2002-04-12,3.4674168
2002-04-19,3.4667966000000003
2002-04-26,3.4661764
2002-05-03,3.4644971612903226
2002-05-10,3.461405870967742
2002-05-17,3.4583145806451614
2002-05-24,3.455223290322581
2002-05-31,3.452132
2002-06-07,3.4030293333333335
2002-06-14,3.3539266666666667
2002-06-21,3.304824
2002-06-28,3.2557213333333332
2002-07-05,3.2452426451612904
2002-07-12,3.2502135483870966
2002-07-19,3.2551844516129034
2002-07-26,3.2601553548387097
2002-08-02,3.2561504516129034
2002-08-09,3.2297060322580644
2002-08-16,3.203261612903226
2002-08-23,3.1768171935483873
2002-08-30,3.1503727741935483
2002-09-06,3.1225972
2002-09-13,3.0945997666666667
2002-09-20,3.0666023333333334
2002-09-27,3.0386049
2002-10-04,3.015068967741936
2002-10-11,2.9948791612903225
2002-10-18,2.9746893548387097
2002-10-25,2.954499548387097
2002-11-01,2.9334316
2002-11-08,2.9070948
2002-11-15,2.880758
2002-11-22,2.8544212
2002-11-29,2.8280844
2002-12-06,2.818097870967742
2002-12-13,2.8108363870967743
2002-12-20,2.8035749032258064
2002-12-27,2.796313419354839
2003-01-03,2.790808677419355
2003-01-10,2.787646258064516
2003-01-17,2.7844838387096775
2003-01-24,2.7813214193548386
2003-01-31,2.778159
2003-02-07,2.75752425
2003-02-14,2.7368895
2003-02-21,2.71625475
2003-02-28,2.69562
2003-03-07,2.678349193548387
2003-03-14,2.661078387096774
2003-03-21,2.643807580645161
2003-03-28,2.6265367741935486
2003-04-04,2.596660066666667
2003-04-11,2.5573289333333333
2003-04-18,2.5179978
2003-04-25,2.4786666666666664
2003-05-02,2.4433481612903223
2003-05-09,2.4180612258064516
2003-05-16,2.392774290322581
2003-05-23,2.3674873548387096
2003-05-30,2.342200419354839
2003-06-06,2.3232098
2003-06-13,2.305268566666667
2003-06-20,2.2873273333333333
2003-06-27,2.2693860999999997
2003-07-04,2.257377
2003-07-11,2.2498169999999997
2003-07-18,2.242257
2003-07-25,2.2346969999999997
2003-08-01,2.2258644193548385
2003-08-08,2.2093963548387094
2003-08-15,2.1929282903225804
2003-08-22,2.1764602258064514
2003-08-29,2.1599921612903223
2003-09-05,2.1584576666666666
2003-09-12,2.1628966
2003-09-19,2.167335533333333
2003-09-26,2.1717744666666667
2003-10-03,2.1720242258064517
2003-10-10,2.1666884193548386
2003-10-17,2.161352612903226
2003-10-24,2.1560168064516128
2003-10-31,2.150681
2003-11-07,2.1215785
2003-11-14,2.092476
2003-11-21,2.0633735
2003-11-28,2.034271
2003-12-05,2.0165706774193546
2003-12-12,2.0034312258064517
2003-12-19,1.9902917741935484
2003-12-26,1.977152322580645
2004-01-02,1.966608677419355
2004-01-09,1.9625545483870968
2004-01-16,1.9585004193548388
2004-01-23,1.9544462903225808
2004-01-30,1.9503921612903226
2004-02-06,1.9678841724137932
2004-02-13,1.9889672068965518
2004-02-20,2.0100502413793104
2004-02-27,2.0311332758620693
2004-03-05,2.0515779677419355
2004-03-12,2.071767322580645
2004-03-19,2.091956677419355
2004-03-26,2.1121460322580647
2004-04-02,2.1346547333333334
2004-04-09,2.1629618
2004-04-16,2.1912688666666664
2004-04-23,2.219575933333333
2004-04-30,2.247883
2004-05-07,2.2435314838709677
2004-05-14,2.2391799677419355
2004-05-21,2.2348284516129033
2004-05-28,2.230476935483871
2004-06-04,2.2475694666666666
2004-06-11,2.2807450333333334
2004-06-18,2.3139206
2004-06-25,2.3470961666666668
2004-07-02,2.363322290322581
2004-07-09,2.3371748064516127
2004-07-16,2.311027322580645
2004-07-23,2.2848798387096774
2004-07-30,2.2587323548387097
2004-08-06,2.2539661612903226
2004-08-13,2.2527635161290323
2004-08-20,2.251560870967742
2004-08-27,2.2503582258064516
2004-09-03,2.2478959
2004-09-10,2.243754
2004-09-17,2.2396121
2004-09-24,2.2354702
2004-10-01,2.231836548387097
2004-10-08,2.231252387096774
2004-10-15,2.230668225806452
2004-10-22,2.230084064516129
2004-10-29,2.2294999032258063
2004-11-05,2.240077
2004-11-12,2.2551186
2004-11-19,2.2701602
2004-11-26,2.2852018000000003
2004-12-03,2.2948025806451615
2004-12-10,2.297148935483871
2004-12-17,2.2994952903225805
2004-12-24,2.30184164516129
2004-12-31,2.304188
2005-01-07,2.3052375483870966
2005-01-14,2.3062870967741933
2005-01-21,2.30733664516129
2005-01-28,2.308386193548387
2005-02-04,2.3045945714285714
2005-02-11,2.2971720714285713
2005-02-18,2.289749571428571
2005-02-25,2.2823270714285715
2005-03-04,2.2739212258064514
2005-03-11,2.264777870967742
2005-03-18,2.255634516129032
2005-03-25,2.2464911612903227
2005-04-01,2.2384267666666666
2005-04-08,2.236836133333333
2005-04-15,2.2352455
2005-04-22,2.233654866666667
2005-04-29,2.2320642333333334
2005-05-06,2.2547674516129033
2005-05-13,2.2815196451612905
2005-05-20,2.3082718387096777
2005-05-27,2.3350240322580644
2005-06-03,2.3343807
2005-06-10,2.29721
2005-06-17,2.2600393
2005-06-24,2.2228686
2005-07-01,2.194284225806452
2005-07-08,2.217217806451613
2005-07-15,2.240151387096774
2005-07-22,2.2630849677419356
2005-07-29,2.286018548387097
2005-08-05,2.286802129032258
2005-08-12,2.278725709677419
2005-08-19,2.270649290322581
2005-08-26,2.262572870967742
2005-09-02,2.261451333333333
2005-09-09,2.277717
2005-09-16,2.2939826666666665
2005-09-23,2.3102483333333335
2005-09-30,2.326514
2005-10-07,2.324640709677419
2005-10-14,2.3227674193548387
2005-10-21,2.320894129032258
2005-10-28,2.3190208387096773
2005-11-04,2.332443733333333
2005-11-11,2.3573387666666665
2005-11-18,2.3822338
2005-11-25,2.407128833333333
2005-12-02,2.427371064516129
2005-12-09,2.4359812903225806
2005-12-16,2.4445915161290324
2005-12-23,2.453201741935484
2005-12-30,2.4618119677419354
2006-01-06,2.459514387096774
2006-01-13,2.4553988387096775
2006-01-20,2.4512832903225807
2006-01-27,2.4471677419354836
2006-02-03,2.4499719285714283
2006-02-10,2.4620024285714286
2006-02-17,2.4740329285714284
2006-02-24,2.4860634285714287
2006-03-03,2.500913258064516
2006-03-10,2.5195221935483874
2006-03-17,2.538131129032258
2006-03-24,2.5567400645161293
2006-03-31,2.575349
2006-04-07,2.598668566666667
2006-04-14,2.6219881333333332
2006-04-21,2.6453077
2006-04-28,2.668627266666667
2006-05-05,2.6919216129032257
2006-05-12,2.715205870967742
2006-05-19,2.738490129032258
2006-05-26,2.761774387096774
2006-06-02,2.7951312
2006-06-09,2.8536694
2006-06-16,2.9122076
2006-06-23,2.9707458
2006-06-30,3.029284
2006-07-07,3.042810483870968
2006-07-14,3.0563369677419354
2006-07-21,3.0698634516129033
2006-07-28,3.0833899354838707
2006-08-04,3.106053322580645
2006-08-11,3.135569387096774
2006-08-18,3.1650854516129034
2006-08-25,3.1946015161290324
2006-09-01,3.2194727666666667
2006-09-08,3.2164751333333332
2006-09-15,3.2134774999999998
2006-09-22,3.2104798666666667
2006-09-29,3.2074822333333333
2006-10-06,3.2223276774193548
2006-10-13,3.2401469677419352
2006-10-20,3.257966258064516
2006-10-27,3.2757855483870966
2006-11-03,3.2714964
2006-11-10,3.2377293333333332
2006-11-17,3.2039622666666667
2006-11-24,3.1701952
2006-12-01,3.140434193548387
2006-12-08,3.134709548387097
2006-12-15,3.1289849032258066
2006-12-22,3.123260258064516
2006-12-29,3.1175356129032257
2007-01-05,3.119260322580645
2007-01-12,3.1239647741935483
2007-01-19,3.1286692258064517
2007-01-26,3.133373677419355
2007-02-02,3.137855
2007-02-09,3.1417785
2007-02-16,3.145702
2007-02-23,3.1496255
2007-03-02,3.1490383225806453
2007-03-09,3.1371744516129034
2007-03-16,3.125310580645161
2007-03-23,3.113446709677419
2007-03-30,3.1015828387096773
2007-04-06,3.0714034
2007-04-13,3.0381713666666665
2007-04-20,3.004939333333333
2007-04-27,2.9717073
2007-05-04,2.9338177741935483
2007-05-11,2.892435129032258
2007-05-18,2.8510524838709674
2007-05-25,2.8096698387096772
2007-06-01,2.7691161666666666
2007-06-08,2.7335363333333333
2007-06-15,2.6979565
2007-06-22,2.6623766666666664
2007-06-29,2.626796833333333
2007-07-06,2.6030574838709675
2007-07-13,2.581291548387097
2007-07-20,2.5595256129032258
2007-07-27,2.5377596774193547
2007-08-03,2.518919612903226
2007-08-10,2.5039807096774194
2007-08-17,2.489041806451613
2007-08-24,2.4741029032258064
2007-08-31,2.459164
2007-09-07,2.4628597666666665
2007-09-14,2.466555533333333
2007-09-21,2.4702513
2007-09-28,2.4739470666666667
2007-10-05,2.4781689677419356
2007-10-12,2.482601322580645
2007-10-19,2.487033677419355
2007-10-26,2.4914660322580646
2007-11-02,2.5049545333333336
2007-11-09,2.5410834
2007-11-16,2.577212266666667
2007-11-23,2.6133411333333334
2007-11-30,2.64947
2007-12-07,2.6636790967741937
2007-12-14,2.677888193548387
2007-12-21,2.6920972903225806
2007-12-28,2.7063063870967743
2008-01-04,2.7169507096774193
2008-01-11,2.7249214516129032
2008-01-18,2.732892193548387
2008-01-25,2.740862935483871
2008-02-01,2.7432137241379313
2008-02-08,2.7118447931034484
2008-02-15,2.6804758620689655
2008-02-22,2.649106931034483
2008-02-29,2.617738
2008-03-07,2.6338179032258067
2008-03-14,2.6498978064516128
2008-03-21,2.6659777096774193
2008-03-28,2.682057612903226
2008-04-04,2.6938231333333333
2008-04-11,2.7023528666666667
2008-04-18,2.7108826
2008-04-25,2.7194123333333335
2008-05-02,2.729862290322581
2008-05-09,2.745112806451613
2008-05-16,2.760363322580645
2008-05-23,2.7756138387096776
2008-05-30,2.7908643548387095
2008-06-06,2.8212205999999997
2008-06-13,2.8540944666666666
2008-06-20,2.8869683333333334
2008-06-27,2.9198421999999997
2008-07-04,2.943811387096774
2008-07-11,2.961102064516129
2008-07-18,2.9783927419354836
2008-07-25,2.995683419354839
2008-08-01,3.012770483870968
2008-08-08,3.028635870967742
2008-08-15,3.0445012580645163
2008-08-22,3.0603666451612903
2008-08-29,3.0762320322580643
2008-09-05,3.079242333333333
2008-09-12,3.0771106
2008-09-19,3.0749788666666666
2008-09-26,3.0728471333333336
2008-10-03,3.057169387096774
2008-10-10,3.023430290322581
2008-10-17,2.989691193548387
2008-10-24,2.955952096774194
2008-10-31,2.922213
2008-11-07,2.8883535333333334
2008-11-14,2.8544940666666667
2008-11-21,2.8206346
2008-11-28,2.7867751333333333
2008-12-05,2.7508761612903228
2008-12-12,2.7141613870967745
2008-12-19,2.6774466129032257
2008-12-26,2.6407318387096774
2009-01-02,2.609440419354839
2009-01-09,2.591707387096774
2009-01-16,2.5739743548387097
2009-01-23,2.5562413225806453
2009-01-30,2.538508290322581
2009-02-06,2.5373882142857145
2009-02-13,2.5390369642857142
2009-02-20,2.5406857142857144
2009-02-27,2.542334464285714
2009-03-06,2.5222727741935485
2009-03-13,2.4985926774193548
2009-03-20,2.4749125806451615
2009-03-27,2.451232483870968
2009-04-03,2.4299223000000003
2009-04-10,2.411772
2009-04-17,2.3936216999999997
2009-04-24,2.3754714
2009-05-01,2.3571366129032256
2009-05-08,2.3376949032258065
2009-05-15,2.318253193548387
2009-05-22,2.2988114838709675
2009-05-29,2.2793697741935484
2009-06-05,2.2411896666666666
2009-06-12,2.1955142
2009-06-19,2.1498387333333335
2009-06-26,2.1041632666666668
2009-07-03,2.06181935483871
2009-07-10,2.0239175161290324
2009-07-17,1.986015677419355
2009-07-24,1.9481138387096775
2009-07-31,1.910212
2009-08-07,1.8756263548387098
2009-08-14,1.8410407096774193
2009-08-21,1.806455064516129
2009-08-28,1.7718694193548388
2009-09-04,1.7364868666666666
2009-09-11,1.7005066333333334
2009-09-18,1.6645264
2009-09-25,1.6285461666666667
2009-10-02,1.5968044516129032
2009-10-09,1.5756590322580646
2009-10-16,1.5545136129032258
2009-10-23,1.533368193548387
2009-10-30,1.5122227741935483
2009-11-06,1.4796753999999999
2009-11-13,1.4452277
2009-11-20,1.41078
2009-11-27,1.3763323
2009-12-04,1.356047193548387
2009-12-11,1.3463840322580645
2009-12-18,1.336720870967742
2009-12-25,1.3270577096774194
2010-01-01,1.3140004516129034
2010-01-08,1.2805786129032257
2010-01-15,1.2471567741935483
2010-01-22,1.213734935483871
2010-01-29,1.1803130967741935
2010-02-05,1.1489639999999999
2010-02-12,1.118444
2010-02-19,1.087924
2010-02-26,1.057404
2010-03-05,1.028816
2010-03-12,1.0010008
2010-03-19,0.9731856
2010-03-26,0.9453703999999999
2010-04-02,0.9217631066666666
2010-04-09,0.9086755799999999
2010-04-16,0.8955880533333334
2010-04-23,0.8825005266666667
2010-04-30,0.869413
2010-05-07,0.8522266451612903
2010-05-14,0.8350402903225806
2010-05-21,0.817853935483871
2010-05-28,0.8006675806451612
2010-06-04,0.7912634266666666
2010-06-11,0.7876959233333333
2010-06-18,0.7841284199999999
2010-06-25,0.7805609166666667
2010-07-02,0.7758228870967742
2010-07-09,0.7681585419354838
2010-07-16,0.7604941967741936
2010-07-23,0.7528298516129033
2010-07-30,0.745165506451613
2010-08-06,0.7338212838709678
2010-08-13,0.7218637483870968
2010-08-20,0.7099062129032258
2010-08-27,0.6979486774193548
2010-09-03,0.68839107
2010-09-10,0.6820333666666666
2010-09-17,0.6756756633333333
2010-09-24,0.66931796
2010-10-01,0.6641415935483871
2010-10-08,0.6660532483870968
2010-10-15,0.6679649032258065
2010-10-22,0.6698765580645161
2010-10-29,0.6717882129032258
2010-11-05,0.6974964833333334
2010-11-12,0.7327234
2010-11-19,0.7679503166666667
2010-11-26,0.8031772333333334
2010-12-03,0.8240303064516129
2010-12-10,0.8257182548387096
2010-12-17,0.8274062032258064
2010-12-24,0.8290941516129032
2010-12-31,0.8307821
2011-01-07,0.8586044129032258
2011-01-14,0.8864267258064517
2011-01-21,0.9142490387096774
2011-01-28,0.9420713516129032
2011-02-04,0.9774000285714286
2011-02-11,1.0183584785714286
2011-02-18,1.0593169285714286
2011-02-25,1.1002753785714285
2011-03-04,1.1258474516129031
2011-03-11,1.1398797419354838
2011-03-18,1.1539120322580645
2011-03-25,1.1679443225806452
2011-04-01,1.1809827666666668
2011-04-08,1.1880581333333333
2011-04-15,1.1951334999999998
2011-04-22,1.2022088666666666
2011-04-29,1.2092842333333333
2011-05-06,1.2191564193548385
2011-05-13,1.2294947419354838
2011-05-20,1.239833064516129
2011-05-27,1.2501713870967741
2011-06-03,1.2598661
2011-06-10,1.2687026666666665
2011-06-17,1.2775392333333333
2011-06-24,1.2863757999999998
2011-07-01,1.2979658064516129
2011-07-08,1.326076451612903
2011-07-15,1.3541870967741936
2011-07-22,1.3822977419354838
2011-07-29,1.410408387096774
2011-08-05,1.4560209677419353
2011-08-12,1.5086343225806451
2011-08-19,1.5612476774193549
2011-08-26,1.6138610322580647
2011-09-02,1.6561135333333334
2011-09-09,1.6724639000000001
2011-09-16,1.6888142666666666
2011-09-23,1.7051646333333332
2011-09-30,1.721515
2011-10-07,1.7473312258064515
2011-10-14,1.773147451612903
2011-10-21,1.798963677419355
2011-10-28,1.8247799032258065
2011-11-04,1.8357893333333333
2011-11-11,1.8356936666666668
2011-11-18,1.835598
2011-11-25,1.8355023333333333
2011-12-02,1.8489594193548387
2011-12-09,1.8962983870967742
2011-12-16,1.9436373548387098
2011-12-23,1.9909763225806452
2011-12-30,2.038315290322581
2012-01-06,2.0582921290322584
2012-01-13,2.073708612903226
2012-01-20,2.0891250967741937
2012-01-27,2.1045415806451615
2012-02-03,2.1032884827586207
2012-02-10,2.079809275862069
2012-02-17,2.0563300689655173
2012-02-24,2.032850862068966
2012-03-02,2.0229650967741937
2012-03-09,2.047062935483871
2012-03-16,2.0711607741935483
2012-03-23,2.095258612903226
2012-03-30,2.1193564516129033
2012-04-06,2.1365984
2012-04-13,2.1526977
2012-04-20,2.168797
2012-04-27,2.1848963
2012-05-04,2.1913323870967742
2012-05-11,2.1905210645161293
2012-05-18,2.189709741935484
2012-05-25,2.188898419354839
2012-06-01,2.1898938
2012-06-08,2.2017294
2012-06-15,2.213565
2012-06-22,2.2254006
2012-06-29,2.2372362
2012-07-06,2.24309835483871
2012-07-13,2.247964935483871
2012-07-20,2.2528315161290324
2012-07-27,2.2576980967741935
2012-08-03,2.2518265161290323
2012-08-10,2.2316373870967743
2012-08-17,2.2114482580645163
2012-08-24,2.191259129032258
2012-08-31,2.17107
2012-09-07,2.1823126999999998
2012-09-14,2.1935554
2012-09-21,2.2047981
2012-09-28,2.2160408
2012-10-05,2.2172000967741936
2012-10-12,2.2143260322580645
2012-10-19,2.2114519677419358
2012-10-26,2.2085779032258066
2012-11-02,2.2058007333333336
2012-11-09,2.2032658
2012-11-16,2.2007308666666665
2012-11-23,2.1981959333333334
2012-11-30,2.195661
2012-12-07,2.175669451612903
2012-12-14,2.1556779032258064
2012-12-21,2.1356863548387097
2012-12-28,2.115694806451613
2013-01-04,2.1018119032258067
2013-01-11,2.092510483870968
2013-01-18,2.083209064516129
2013-01-25,2.0739076451612903
2013-02-01,2.0687117142857145
2013-02-08,2.0881487142857145
2013-02-15,2.1075857142857144
2013-02-22,2.1270227142857143
2013-03-01,2.1421746129032257
2013-03-08,2.131615903225806
2013-03-15,2.121057193548387
2013-03-22,2.1104984838709675
2013-03-29,2.0999397741935484
2013-04-05,2.069478333333333
2013-04-12,2.0310558
2013-04-19,1.9926332666666666
2013-04-26,1.9542107333333334
2013-05-03,1.929622064516129
2013-05-10,1.9234785483870969
2013-05-17,1.9173350322580647
2013-05-24,1.9111915161290323
2013-05-31,1.905048
2013-06-07,1.8978142
2013-06-14,1.8905804000000002
2013-06-21,1.8833466
2013-06-28,1.8761128
2013-07-05,1.8726343870967743
2013-07-12,1.8706581290322581
2013-07-19,1.868681870967742
2013-07-26,1.8667056129032258
2013-08-02,1.8682908387096775
2013-08-09,1.8787797741935484
2013-08-16,1.8892687096774194
2013-08-23,1.8997576451612903
2013-08-30,1.9102465806451614
2013-09-06,1.907037
2013-09-13,1.9015443333333333
2013-09-20,1.8960516666666667
2013-09-27,1.8905589999999999
2013-10-04,1.8854299032258064
2013-10-11,1.8805734838709676
2013-10-18,1.875717064516129
2013-10-25,1.8708606451612904
2013-11-01,1.8675068333333333
2013-11-08,1.8731686666666667
2013-11-15,1.8788304999999998
2013-11-22,1.8844923333333332
2013-11-29,1.8901541666666666
2013-12-06,1.8873659032258063
2013-12-13,1.8831692903225807
2013-12-20,1.878972677419355
2013-12-27,1.874776064516129
2014-01-03,1.8674972903225808
2014-01-10,1.8561089677419356
2014-01-17,1.8447206451612903
2014-01-24,1.8333323225806453
2014-01-31,1.821944
2014-02-07,1.8137590000000001
2014-02-14,1.805574
2014-02-21,1.797389
2014-02-28,1.789204
2014-03-07,1.7964842258064517
2014-03-14,1.8037644516129032
2014-03-21,1.811044677419355
2014-03-28,1.8183249032258064
2014-04-04,1.8486822
2014-04-11,1.8963473
2014-04-18,1.9440123999999999
2014-04-25,1.9916774999999998
2014-05-02,2.0322913548387094
2014-05-09,2.0552770967741933
2014-05-16,2.0782628387096773
2014-05-23,2.1012485806451613
2014-05-30,2.124234322580645
2014-06-06,2.1305592
2014-06-13,2.1341072666666663
2014-06-20,2.137655333333333
2014-06-27,2.1412033999999998
2014-07-04,2.136994322580645
2014-07-11,2.1269673870967742
2014-07-18,2.116940451612903
2014-07-25,2.1069135161290324
2014-08-01,2.093825387096774
2014-08-08,2.0623700967741936
2014-08-15,2.030914806451613
2014-08-22,1.9994595161290323
2014-08-29,1.9680042258064516
2014-09-05,1.9575425
2014-09-12,1.9554782
2014-09-19,1.9534139
2014-09-26,1.9513496
2014-10-03,1.9551338387096775
2014-10-10,1.9667161290322581
2014-10-17,1.9782984193548387
2014-10-24,1.9898807096774196
2014-10-31,2.001463
2014-11-07,2.0009226
2014-11-14,2.0003822
2014-11-21,1.9998418
2014-11-28,1.9993014
2014-12-05,1.9930307096774194
2014-12-12,1.9844679032258064
2014-12-19,1.9759050967741936
2014-12-26,1.9673422903225806
2015-01-02,1.9622027096774193
2015-01-09,1.965621193548387
2015-01-16,1.9690396774193548
2015-01-23,1.9724581612903225
2015-01-30,1.9758766451612904
2015-02-06,1.9755404285714286
2015-02-13,1.9745784285714285
2015-02-20,1.9736164285714286
2015-02-27,1.9726544285714287
2015-03-06,1.9758245483870969
2015-03-13,1.9796833548387096
2015-03-20,1.9835421612903226
2015-03-27,1.9874009677419355
2015-04-03,1.9960164
2015-04-10,2.010974
2015-04-17,2.0259316000000003
2015-04-24,2.0408892
2015-05-01,2.0538019677419355
2015-05-08,2.054445741935484
2015-05-15,2.055089516129032
2015-05-22,2.0557332903225807
2015-05-29,2.056377064516129
2015-06-05,2.0644228333333334
2015-06-12,2.0754294
2015-06-19,2.0864359666666665
2015-06-26,2.097442533333333
2015-07-03,2.1063200322580644
2015-07-10,2.1123587741935483
2015-07-17,2.1183975161290323
2015-07-24,2.124436258064516
2015-07-31,2.130475
2015-08-07,2.139220935483871
2015-08-14,2.147966870967742
2015-08-21,2.1567128064516132
2015-08-28,2.165458741935484
2015-09-04,2.1824508666666667
2015-09-11,2.2056276333333336
2015-09-18,2.2288044
2015-09-25,2.251981166666667
2015-10-02,2.272855741935484
2015-10-09,2.2879748387096774
2015-10-16,2.303093935483871
2015-10-23,2.3182130322580643
2015-10-30,2.333332129032258
2015-11-06,2.3473186
2015-11-13,2.3611163
2015-11-20,2.374914
2015-11-27,2.3887117
2015-12-04,2.400156870967742
2015-12-11,2.40983764516129
2015-12-18,2.419518419354839
2015-12-25,2.429199193548387
2016-01-01,2.438251258064516
2016-01-08,2.443531064516129
2016-01-15,2.448810870967742
2016-01-22,2.4540906774193547
2016-01-29,2.4593704838709676
2016-02-05,2.474219344827586
2016-02-12,2.492895827586207
2016-02-19,2.5115723103448278
2016-02-26,2.5302487931034485
2016-03-04,2.5366995806451613
2016-03-11,2.533981096774194
2016-03-18,2.531262612903226
2016-03-25,2.528544129032258
2016-04-01,2.5263878666666666
2016-04-08,2.5276049333333335
2016-04-15,2.528822
2016-04-22,2.5300390666666663
2016-04-29,2.531256133333333
2016-05-06,2.53805864516129
2016-05-13,2.545792064516129
2016-05-20,2.553525483870968
2016-05-27,2.5612589032258066
2016-06-03,2.5654731
2016-06-10,2.564995
2016-06-17,2.5645169
2016-06-24,2.5640388
2016-07-01,2.5638233870967744
2016-07-08,2.5651840967741935
2016-07-15,2.566544806451613
2016-07-22,2.5679055161290325
2016-07-29,2.5692662258064516
2016-08-05,2.593315
2016-08-12,2.626439
2016-08-19,2.659563
2016-08-26,2.692687
2016-09-02,2.7102437999999998
2016-09-09,2.6888826
2016-09-16,2.6675214
2016-09-23,2.6461601999999997
2016-09-30,2.624799
2016-10-07,2.5971307096774194
2016-10-14,2.5694624193548385
2016-10-21,2.541794129032258
2016-10-28,2.514125838709677
2016-11-04,2.5044408
2016-11-11,2.5082432
2016-11-18,2.5120456
2016-11-25,2.515848
2016-12-02,2.5228686451612905
2016-12-09,2.5379349032258065
2016-12-16,2.5530011612903225
2016-12-23,2.5680674193548385
2016-12-30,2.583133677419355
2017-01-06,2.598147870967742
2017-01-13,2.6131533870967742
2017-01-20,2.6281589032258066
2017-01-27,2.643164419354839
2017-02-03,2.6531133214285716
2017-02-10,2.6563200714285715
2017-02-17,2.6595268214285714
2017-02-24,2.662733571428572
2017-03-03,2.642503419354839
2017-03-10,2.5910240645161293
2017-03-17,2.5395447096774193
2017-03-24,2.4880653548387097
2017-03-31,2.436586
2017-04-07,2.3897060666666667
2017-04-14,2.3428261333333333
2017-04-21,2.2959462
2017-04-28,2.249066266666667
2017-05-05,2.220182
2017-05-12,2.198496
2017-05-19,2.17681
2017-05-26,2.1551240000000003
2017-06-02,2.138465666666667
2017-06-09,2.1343765
2017-06-16,2.1302873333333334
2017-06-23,2.1261981666666667
2017-06-30,2.122109
2017-07-07,2.1242920967741936
2017-07-14,2.126475193548387
2017-07-21,2.128658290322581
2017-07-28,2.1308413870967744
2017-08-04,2.124457
2017-08-11,2.111647
2017-08-18,2.098837
2017-08-25,2.086027
2017-09-01,2.0755905666666665
2017-09-08,2.0793955333333334
2017-09-15,2.0832005000000002
2017-09-22,2.0870054666666666
2017-09-29,2.090810433333333
2017-10-06,2.1080430967741934
2017-10-13,2.1275137096774195
2017-10-20,2.146984322580645
2017-10-27,2.166454935483871
2017-11-03,2.1698032
2017-11-10,2.151655
2017-11-17,2.1335068
2017-11-24,2.1153586
2017-12-01,2.100363741935484
2017-12-08,2.104288935483871
2017-12-15,2.108214129032258
2017-12-22,2.112139322580645
2017-12-29,2.116064516129032
2018-01-05,2.1237403548387097
2018-01-12,2.1329164516129033
2018-01-19,2.1420925483870965
2018-01-26,2.15126864516129
2018-02-02,2.1553428571428572
2018-02-09,2.146662357142857
2018-02-16,2.137981857142857
2018-02-23,2.1293013571428574
2018-03-02,2.1388315806451614
2018-03-09,2.193888612903226
2018-03-16,2.2489456451612906
2018-03-23,2.304002677419355
2018-03-30,2.3590597096774197
2018-04-06,2.3918584000000003
2018-04-13,2.4209473666666668
2018-04-20,2.4500363333333333
2018-04-27,2.4791252999999998
2018-05-04,2.49825264516129
2018-05-11,2.509908774193548
2018-05-18,2.5215649032258063
2018-05-25,2.5332210322580644
2018-06-01,2.5435015
2018-06-08,2.545528
2018-06-15,2.5475545
2018-06-22,2.549581
2018-06-29,2.5516075
2018-07-06,2.5454820322580645
2018-07-13,2.5379979032258064
2018-07-20,2.5305137741935484
2018-07-27,2.52302964516129
2018-08-03,2.5104004193548386
2018-08-10,2.490911064516129
2018-08-17,2.4714217096774194
2018-08-24,2.4519323548387097
2018-08-31,2.432443
2018-09-07,2.4395452
2018-09-14,2.4466474
2018-09-21,2.4537496
2018-09-28,2.4608518
2018-10-05,2.4551963225806452
2018-10-12,2.4444377741935486
2018-10-19,2.4336792258064515
2018-10-26,2.422920677419355
2018-11-02,2.4193148
2018-11-09,2.4335906
2018-11-16,2.4478664
2018-11-23,2.4621421999999997
2018-11-30,2.476418
2018-12-07,2.471846548387097
2018-12-14,2.4672750967741934
2018-12-21,2.4627036451612905
2018-12-28,2.458132193548387
2019-01-04,2.4457060322580646
2019-01-11,2.4273888387096774
2019-01-18,2.4090716451612906
2019-01-25,2.3907544516129033
2019-02-01,2.37508575
2019-02-08,2.375308
2019-02-15,2.3755302499999997
2019-02-22,2.3757525
2019-03-01,2.375330193548387
2019-03-08,2.371040548387097
2019-03-15,2.3667509032258067
2019-03-22,2.362461258064516
2019-03-29,2.358171612903226
2019-04-05,2.3629171666666666
2019-04-12,2.3712768
2019-04-19,2.3796364333333333
2019-04-26,2.3879960666666666
2019-05-03,2.389688806451613
2019-05-10,2.3824923548387096
2019-05-17,2.3752959032258065
2019-05-24,2.368099451612903
2019-05-31,2.360903
2019-06-07,2.3682982666666668
2019-06-14,2.375693533333333
2019-06-21,2.3830888
2019-06-28,2.3904840666666667
2019-07-05,2.4060366774193547
2019-07-12,2.4248522258064513
2019-07-19,2.4436677741935484
2019-07-26,2.462483322580645
2019-08-02,2.485889129032258
2019-08-09,2.520770580645161
2019-08-16,2.5556520322580645
2019-08-23,2.590533483870968
2019-08-30,2.625414935483871
2019-09-06,2.6289052
2019-09-13,2.6271636
2019-09-20,2.625422
2019-09-27,2.6236804
2019-10-04,2.6390194193548386
2019-10-11,2.6671689032258064
2019-10-18,2.695318387096774
2019-10-25,2.7234678709677422
2019-11-01,2.748410166666667
2019-11-08,2.7541093333333335
2019-11-15,2.7598085
2019-11-22,2.7655076666666667
2019-11-29,2.7712068333333333
2019-12-06,2.7682638387096774
2019-12-13,2.7638804838709676
2019-12-20,2.7594971290322583
2019-12-27,2.7551137741935485
2020-01-03,2.756274322580645
2020-01-10,2.764826741935484
2020-01-17,2.7733791612903227
2020-01-24,2.7819315806451614
2020-01-31,2.790484
2020-02-07,2.7928053448275865
2020-02-14,2.7951266896551727
2020-02-21,2.7974480344827586
2020-02-28,2.799769379310345
2020-03-06,2.7626400967741938
2020-03-13,2.7189357096774196
2020-03-20,2.675231322580645
2020-03-27,2.631526935483871
2020-04-03,2.56383
2020-04-10,2.464143
2020-04-17,2.364456
2020-04-24,2.2647690000000003
2020-05-01,2.1739945161290324
2020-05-08,2.1366951290322582
2020-05-15,2.099395741935484
2020-05-22,2.0620963548387095
2020-05-29,2.0247969677419353
2020-06-05,2.010707333333333
2020-06-12,2.0059016
2020-06-19,2.0010958666666667
2020-06-26,1.9962901333333334
2020-07-03,2.021389709677419
2020-07-10,2.0863630322580646
2020-07-17,2.1513363548387097
2020-07-24,2.216309677419355
2020-07-31,2.281283
2020-08-07,2.2658979032258064
2020-08-14,2.250512806451613
2020-08-21,2.2351277096774194
2020-08-28,2.219742612903226
2020-09-04,2.1821002
2020-09-11,2.1277648
2020-09-18,2.0734294
2020-09-25,2.019094
2020-10-02,1.9652520322580644
2020-10-09,1.9126436451612903
2020-10-16,1.860035258064516
2020-10-23,1.807426870967742
2020-10-30,1.7548184838709677
2020-11-06,1.7373588
2020-11-13,1.7257572333333333
2020-11-20,1.7141556666666666
2020-11-27,1.7025541
2020-12-04,1.6850773548387097
2020-12-11,1.6631942258064516
2020-12-18,1.6413110967741935
2020-12-25,1.6194279677419354
2021-01-01,1.5942160967741934
2021-01-08,1.5490317741935484
2021-01-15,1.5038474516129032
2021-01-22,1.458663129032258
2021-01-29,1.4134788064516128
2021-02-05,1.4013822142857142
2021-02-12,1.4025207142857141
2021-02-19,1.4036592142857143
2021-02-26,1.4047977142857142
2021-03-05,1.4353234838709676
2021-03-12,1.4776041612903226
2021-03-19,1.5198848387096773
2021-03-26,1.5621655161290322
2021-04-02,1.6335011333333334
2021-04-09,1.7774741
2021-04-16,1.9214470666666665
2021-04-23,2.065420033333333
2021-04-30,2.209393
2021-05-07,2.2892002258064514
2021-05-14,2.3690074516129034
2021-05-21,2.448814677419355
2021-05-28,2.5286219032258064
2021-06-04,2.562201
2021-06-11,2.561109
2021-06-18,2.560017
2021-06-25,2.5589250000000003
2021-07-02,2.543012870967742
2021-07-09,2.490050419354839
2021-07-16,2.4370879677419355
2021-07-23,2.384125516129032
2021-07-30,2.331163064516129
2021-08-06,2.3253044838709678
2021-08-13,2.3272965483870967
2021-08-20,2.3292886129032255
2021-08-27,2.331280677419355
2021-09-03,2.3602432999999996
2021-09-10,2.4251666666666667
2021-09-17,2.4900900333333333
2021-09-24,2.5550134
2021-10-01,2.6234665806451614
2021-10-08,2.71309864516129
2021-10-15,2.8027307096774194
2021-10-22,2.8923627741935487
2021-10-29,2.9819948387096775
2021-11-05,3.0370673333333333
2021-11-12,3.078316
2021-11-19,3.1195646666666668
2021-11-26,3.1608133333333335
2021-12-03,3.210713741935484
2021-12-10,3.272149806451613
2021-12-17,3.333585870967742
2021-12-24,3.395021935483871
2021-12-31,3.456458
2022-01-07,3.5714025161290324
2022-01-14,3.6863470322580647
2022-01-21,3.801291548387097
2022-01-28,3.9162360645161294
2022-02-04,4.010470285714286
2022-02-11,4.089171785714286
2022-02-18,4.167873285714286
2022-02-25,4.2465747857142855
2022-03-04,4.31308335483871
2022-03-11,4.370447225806451
2022-03-18,4.427811096774193
2022-03-25,4.485174967741935
2022-04-01,4.539997033333333
2022-04-08,4.579568266666667
2022-04-15,4.6191395
2022-04-22,4.658710733333334
2022-04-29,4.698281966666667
2022-05-06,4.751749
2022-05-13,4.807532
2022-05-20,4.863315
2022-05-27,4.919098000000001
2022-06-03,4.9955096
2022-06-10,5.099426
2022-06-17,5.2033424
2022-06-24,5.3072588
2022-07-01,5.402600967741935
2022-07-08,5.446497741935484
2022-07-15,5.490394516129032
2022-07-22,5.534291290322581
2022-07-29,5.578188064516128
2022-08-05,5.648888387096774
2022-08-12,5.730310129032258
2022-08-19,5.8117318709677415
2022-08-26,5.893153612903226
2022-09-02,5.977759
2022-09-09,6.0703235
2022-09-16,6.162888
2022-09-23,6.2554525
2022-09-30,6.348017
2022-10-07,6.340097741935484
2022-10-14,6.332178483870967
2022-10-21,6.324259225806451
2022-10-28,6.316339967741936
2022-11-04,6.327558933333333
2022-11-11,6.353131566666667
2022-11-18,6.3787042000000005
2022-11-25,6.404276833333333
2022-12-02,6.430002612903226
2022-12-09,6.456111258064516
2022-12-16,6.482219903225806
2022-12-23,6.508328548387096
2022-12-30,6.534437193548387
2023-01-06,6.528370935483871
2023-01-13,6.516942193548387
2023-01-20,6.505513451612903
2023-01-27,6.49408470967742
2023-02-03,6.491566071428572
2023-02-10,6.500927571428572
2023-02-17,6.510289071428572
2023-02-24,6.5196505714285715
2023-03-03,6.5120270322580645
2023-03-10,6.481756774193548
2023-03-17,6.451486516129032
2023-03-24,6.421216258064516
2023-03-31,6.390946
2023-04-07,6.361377533333333
2023-04-14,6.331809066666667
2023-04-21,6.302240599999999
2023-04-28,6.272672133333333
2023-05-05,6.217616096774194
2023-05-12,6.152365032258064
2023-05-19,6.087113967741935
2023-05-26,6.021862903225806
2023-06-02,5.949350266666666
2023-06-09,5.8586837
2023-06-16,5.768017133333333
2023-06-23,5.677350566666666
2023-06-30,5.586684
2023-07-07,5.545828161290323
2023-07-14,5.504972322580645
2023-07-21,5.464116483870968
2023-07-28,5.423260645161291
2023-08-04,5.375618612903226
2023-08-11,5.322886935483871
2023-08-18,5.270155258064516
2023-08-25,5.217423580645161
2023-09-01,5.165143166666667
2023-09-08,5.115570333333333
2023-09-15,5.0659975
2023-09-22,5.0164246666666665
2023-09-29,4.966851833333333
2023-10-06,4.94489735483871
2023-10-13,4.927545935483871
2023-10-20,4.910194516129032
2023-10-27,4.892843096774193
2023-11-03,4.8634645
2023-11-10,4.818049666666666
2023-11-17,4.772634833333333
2023-11-24,4.72722
2023-12-01,4.683973741935484
2023-12-08,4.6537389354838705
2023-12-15,4.623504129032257
2023-12-22,4.593269322580645
2023-12-29,4.563034516129032
2024-01-05,4.562384123709677
2024-01-12,4.573567496903226
2024-01-19,4.584750870096774
2024-01-26,4.595934243290323
2024-02-02,4.590072713965517
2024-02-09,4.541598928344827
2024-02-16,4.493125142724137
2024-02-23,4.444651357103448
2024-03-01,4.406525304322581
2024-03-08,4.430485648580645
2024-03-15,4.45444599283871
2024-03-22,4.478406337096774
2024-03-29,4.502366681354839
2024-04-05,4.509212494
